-- phpMyAdmin SQL Dump
-- version 5.2.0
-- https://www.phpmyadmin.net/
--
-- Host: 127.0.0.1
-- Generation Time: Dec 22, 2022 at 07:55 AM
-- Server version: 10.4.27-MariaDB
-- PHP Version: 8.1.12

SET SQL_MODE = "NO_AUTO_VALUE_ON_ZERO";
START TRANSACTION;
SET time_zone = "+00:00";


/*!40101 SET @OLD_CHARACTER_SET_CLIENT=@@CHARACTER_SET_CLIENT */;
/*!40101 SET @OLD_CHARACTER_SET_RESULTS=@@CHARACTER_SET_RESULTS */;
/*!40101 SET @OLD_COLLATION_CONNECTION=@@COLLATION_CONNECTION */;
/*!40101 SET NAMES utf8mb4 */;

--
-- Database: `db_laravel_cit1`
--

-- --------------------------------------------------------

--
-- Table structure for table `categories`
--

CREATE TABLE `categories` (
  `id` bigint(20) UNSIGNED NOT NULL,
  `category_name` varchar(255) NOT NULL,
  `category_image` varchar(255) DEFAULT NULL,
  `created_at` timestamp NULL DEFAULT NULL,
  `updated_at` timestamp NULL DEFAULT NULL
) ENGINE=InnoDB DEFAULT CHARSET=utf8mb4 COLLATE=utf8mb4_unicode_ci;

--
-- Dumping data for table `categories`
--

INSERT INTO `categories` (`id`, `category_name`, `category_image`, `created_at`, `updated_at`) VALUES
(12, 'Charlotte Gates', 'charlotte-gates-942150.png', '2022-12-13 16:52:22', '2022-12-13 16:52:23'),
(15, 'Quran', 'quran-874987.jpg', '2022-12-14 12:15:11', '2022-12-17 15:23:48');

-- --------------------------------------------------------

--
-- Table structure for table `failed_jobs`
--

CREATE TABLE `failed_jobs` (
  `id` bigint(20) UNSIGNED NOT NULL,
  `uuid` varchar(255) NOT NULL,
  `connection` text NOT NULL,
  `queue` text NOT NULL,
  `payload` longtext NOT NULL,
  `exception` longtext NOT NULL,
  `failed_at` timestamp NOT NULL DEFAULT current_timestamp()
) ENGINE=InnoDB DEFAULT CHARSET=utf8mb4 COLLATE=utf8mb4_unicode_ci;

-- --------------------------------------------------------

--
-- Table structure for table `migrations`
--

CREATE TABLE `migrations` (
  `id` int(10) UNSIGNED NOT NULL,
  `migration` varchar(255) NOT NULL,
  `batch` int(11) NOT NULL
) ENGINE=InnoDB DEFAULT CHARSET=utf8mb4 COLLATE=utf8mb4_unicode_ci;

--
-- Dumping data for table `migrations`
--

INSERT INTO `migrations` (`id`, `migration`, `batch`) VALUES
(1, '2014_10_12_000000_create_users_table', 1),
(2, '2014_10_12_100000_create_password_resets_table', 1),
(3, '2019_08_19_000000_create_failed_jobs_table', 1),
(4, '2019_12_14_000001_create_personal_access_tokens_table', 1),
(5, '2022_12_13_123632_create_categories_table', 2),
(6, '2022_12_15_185236_create_tags_table', 3),
(7, '2022_12_16_114505_create_permission_tables', 4),
(8, '2022_12_20_104730_create_posts_table', 5);

-- --------------------------------------------------------

--
-- Table structure for table `model_has_permissions`
--

CREATE TABLE `model_has_permissions` (
  `permission_id` bigint(20) UNSIGNED NOT NULL,
  `model_type` varchar(255) NOT NULL,
  `model_id` bigint(20) UNSIGNED NOT NULL
) ENGINE=InnoDB DEFAULT CHARSET=utf8mb4 COLLATE=utf8mb4_unicode_ci;

--
-- Dumping data for table `model_has_permissions`
--

INSERT INTO `model_has_permissions` (`permission_id`, `model_type`, `model_id`) VALUES
(8, 'App\\Models\\User', 8),
(8, 'App\\Models\\User', 131),
(8, 'App\\Models\\User', 142),
(8, 'App\\Models\\User', 149),
(8, 'App\\Models\\User', 166),
(9, 'App\\Models\\User', 8),
(9, 'App\\Models\\User', 131),
(9, 'App\\Models\\User', 142),
(9, 'App\\Models\\User', 149),
(9, 'App\\Models\\User', 166),
(10, 'App\\Models\\User', 8),
(10, 'App\\Models\\User', 131),
(10, 'App\\Models\\User', 142),
(10, 'App\\Models\\User', 166),
(11, 'App\\Models\\User', 8),
(11, 'App\\Models\\User', 131),
(11, 'App\\Models\\User', 142),
(11, 'App\\Models\\User', 166),
(12, 'App\\Models\\User', 8),
(12, 'App\\Models\\User', 131),
(12, 'App\\Models\\User', 142),
(12, 'App\\Models\\User', 166),
(13, 'App\\Models\\User', 8),
(13, 'App\\Models\\User', 131),
(13, 'App\\Models\\User', 142),
(13, 'App\\Models\\User', 166),
(14, 'App\\Models\\User', 8),
(14, 'App\\Models\\User', 142),
(14, 'App\\Models\\User', 166),
(15, 'App\\Models\\User', 8);

-- --------------------------------------------------------

--
-- Table structure for table `model_has_roles`
--

CREATE TABLE `model_has_roles` (
  `role_id` bigint(20) UNSIGNED NOT NULL,
  `model_type` varchar(255) NOT NULL,
  `model_id` bigint(20) UNSIGNED NOT NULL
) ENGINE=InnoDB DEFAULT CHARSET=utf8mb4 COLLATE=utf8mb4_unicode_ci;

--
-- Dumping data for table `model_has_roles`
--

INSERT INTO `model_has_roles` (`role_id`, `model_type`, `model_id`) VALUES
(6, 'App\\Models\\User', 15),
(7, 'App\\Models\\User', 8),
(7, 'App\\Models\\User', 13),
(7, 'App\\Models\\User', 14),
(7, 'App\\Models\\User', 130),
(7, 'App\\Models\\User', 147),
(8, 'App\\Models\\User', 147),
(9, 'App\\Models\\User', 12),
(9, 'App\\Models\\User', 120),
(9, 'App\\Models\\User', 131),
(10, 'App\\Models\\User', 16),
(10, 'App\\Models\\User', 120),
(10, 'App\\Models\\User', 142),
(10, 'App\\Models\\User', 147),
(10, 'App\\Models\\User', 161),
(10, 'App\\Models\\User', 166),
(11, 'App\\Models\\User', 8),
(13, 'App\\Models\\User', 119);

-- --------------------------------------------------------

--
-- Table structure for table `password_resets`
--

CREATE TABLE `password_resets` (
  `email` varchar(255) NOT NULL,
  `token` varchar(255) NOT NULL,
  `created_at` timestamp NULL DEFAULT NULL
) ENGINE=InnoDB DEFAULT CHARSET=utf8mb4 COLLATE=utf8mb4_unicode_ci;

--
-- Dumping data for table `password_resets`
--

INSERT INTO `password_resets` (`email`, `token`, `created_at`) VALUES
('gacovay435@dmonies.com', '$2y$10$Z0aDQPWmTkN1b0ludFD/IOwwKAarJer6SoubARwIiNcCR9esTpotK', '2022-12-10 23:06:10');

-- --------------------------------------------------------

--
-- Table structure for table `permissions`
--

CREATE TABLE `permissions` (
  `id` bigint(20) UNSIGNED NOT NULL,
  `name` varchar(255) NOT NULL,
  `guard_name` varchar(255) NOT NULL,
  `created_at` timestamp NULL DEFAULT NULL,
  `updated_at` timestamp NULL DEFAULT NULL
) ENGINE=InnoDB DEFAULT CHARSET=utf8mb4 COLLATE=utf8mb4_unicode_ci;

--
-- Dumping data for table `permissions`
--

INSERT INTO `permissions` (`id`, `name`, `guard_name`, `created_at`, `updated_at`) VALUES
(8, 'show_user_list', 'web', '2022-12-16 17:05:59', '2022-12-16 17:05:59'),
(9, 'show_category', 'web', '2022-12-16 17:06:19', '2022-12-16 17:06:19'),
(10, 'show_tag', 'web', '2022-12-16 17:06:37', '2022-12-16 17:06:37'),
(11, 'add_tag', 'web', '2022-12-16 17:06:50', '2022-12-16 17:06:50'),
(12, 'add_category', 'web', '2022-12-16 17:07:03', '2022-12-16 17:07:03'),
(13, 'category_update', 'web', '2022-12-16 17:07:21', '2022-12-16 17:07:21'),
(14, 'user_delete', 'web', '2022-12-16 17:07:37', '2022-12-16 17:07:37'),
(15, 'show_role', 'web', '2022-12-19 02:42:04', '2022-12-19 02:42:04'),
(16, 'add_new_post', 'web', '2022-12-19 18:07:03', '2022-12-19 18:07:03'),
(17, 'edit_post', 'web', '2022-12-19 18:07:28', '2022-12-19 18:07:28'),
(18, 'delete_post', 'web', '2022-12-19 18:07:51', '2022-12-19 18:07:51'),
(19, 'show_post', 'web', '2022-12-19 18:08:05', '2022-12-19 18:08:05');

-- --------------------------------------------------------

--
-- Table structure for table `personal_access_tokens`
--

CREATE TABLE `personal_access_tokens` (
  `id` bigint(20) UNSIGNED NOT NULL,
  `tokenable_type` varchar(255) NOT NULL,
  `tokenable_id` bigint(20) UNSIGNED NOT NULL,
  `name` varchar(255) NOT NULL,
  `token` varchar(64) NOT NULL,
  `abilities` text DEFAULT NULL,
  `last_used_at` timestamp NULL DEFAULT NULL,
  `expires_at` timestamp NULL DEFAULT NULL,
  `created_at` timestamp NULL DEFAULT NULL,
  `updated_at` timestamp NULL DEFAULT NULL
) ENGINE=InnoDB DEFAULT CHARSET=utf8mb4 COLLATE=utf8mb4_unicode_ci;

-- --------------------------------------------------------

--
-- Table structure for table `posts`
--

CREATE TABLE `posts` (
  `id` bigint(20) UNSIGNED NOT NULL,
  `author_id` int(11) NOT NULL,
  `category_id` int(11) NOT NULL,
  `title` varchar(255) NOT NULL,
  `short_desp` varchar(255) NOT NULL,
  `desp` longtext NOT NULL,
  `tag_id` varchar(255) DEFAULT NULL,
  `feat_image` varchar(255) DEFAULT NULL,
  `slug` varchar(255) NOT NULL,
  `created_at` timestamp NULL DEFAULT NULL,
  `updated_at` timestamp NULL DEFAULT NULL
) ENGINE=InnoDB DEFAULT CHARSET=utf8mb4 COLLATE=utf8mb4_unicode_ci;

--
-- Dumping data for table `posts`
--

INSERT INTO `posts` (`id`, `author_id`, `category_id`, `title`, `short_desp`, `desp`, `tag_id`, `feat_image`, `slug`, `created_at`, `updated_at`) VALUES
(5, 119, 12, 'Non est velit aliqu', 'Minus autem modi per', 'Non est velit aliqu', '5,6', 'modarator-joy-post-2777819475.jpg', 'non-est-velit-aliqu-8742965075', '2022-12-20 07:05:45', '2022-12-20 07:05:45');
INSERT INTO `posts` (`id`, `author_id`, `category_id`, `title`, `short_desp`, `desp`, `tag_id`, `feat_image`, `slug`, `created_at`, `updated_at`) VALUES
(6, 8, 12, 'Amet et qui rerum p', 'Sit fugiat aliquip', '<p>Consequatur harum en.Consequatur harum en.Consequatur harum en.Consequatur harum en.Consequatur harum en.Consequatur harum en.Consequatur harum en.Consequatur harum en.Consequatur harum en.Consequatur harum en.Consequatur harum en.Consequatur harum en.Consequatur harum en.Consequatur harum en.Consequatur harum en.Consequatur harum en.Consequatur harum en.Consequatur harum en.Consequatur harum en.Consequatur harum en.Consequatur harum<img src=\"data:image/jpeg;base64,/9j/4SQxRXhpZgAASUkqAAgAAAAMAAABAwABAAAA3AAAAAEBAwABAAAAqAAAAAIBAwADAAAAngAAAAYBAwABAAAAAgAAABIBAwABAAAAAQAAABUBAwABAAAAAwAAABoBBQABAAAApAAAABsBBQABAAAArAAAACgBAwABAAAAAgAAADEBAgAeAAAAtAAAADIBAgAUAAAA0gAAAGmHBAABAAAA6AAAACABAAAIAAgACACA/AoAECcAAID8CgAQJwAAQWRvYmUgUGhvdG9zaG9wIENTNiAoV2luZG93cykAMjAxMjoxMTowMSAwOTo1NzoxOQAAAAQAAJAHAAQAAAAwMjIxAaADAAEAAAD//wAAAqAEAAEAAADcAAAAA6AEAAEAAACoAAAAAAAAAAAABgADAQMAAQAAAAYAAAAaAQUAAQAAAG4BAAAbAQUAAQAAAHYBAAAoAQMAAQAAAAIAAAABAgQAAQAAAH4BAAACAgQAAQAAAKsiAAAAAAAASAAAAAEAAABIAAAAAQAAAP/Y/+IMWElDQ19QUk9GSUxFAAEBAAAMSExpbm8CEAAAbW50clJHQiBYWVogB84AAgAJAAYAMQAAYWNzcE1TRlQAAAAASUVDIHNSR0IAAAAAAAAAAAAAAAEAAPbWAAEAAAAA0y1IUCAgAAAAAAAAAAAAAAAAAAAAAAAAAAAAAAAAAAAAAAAAAAAAAAAAAAAAAAAAAAAAAAARY3BydAAAAVAAAAAzZGVzYwAAAYQAAABsd3RwdAAAAfAAAAAUYmtwdAAAAgQAAAAUclhZWgAAAhgAAAAUZ1hZWgAAAiwAAAAUYlhZWgAAAkAAAAAUZG1uZAAAAlQAAABwZG1kZAAAAsQAAACIdnVlZAAAA0wAAACGdmlldwAAA9QAAAAkbHVtaQAAA/gAAAAUbWVhcwAABAwAAAAkdGVjaAAABDAAAAAMclRSQwAABDwAAAgMZ1RSQwAABDwAAAgMYlRSQwAABDwAAAgMdGV4dAAAAABDb3B5cmlnaHQgKGMpIDE5OTggSGV3bGV0dC1QYWNrYXJkIENvbXBhbnkAAGRlc2MAAAAAAAAAEnNSR0IgSUVDNjE5NjYtMi4xAAAAAAAAAAAAAAASc1JHQiBJRUM2MTk2Ni0yLjEAAAAAAAAAAAAAAAAAAAAAAAAAAAAAAAAAAAAAAAAAAAAAAAAAAAAAAAAAAAAAAAAAAFhZWiAAAAAAAADzUQABAAAAARbMWFlaIAAAAAAAAAAAAAAAAAAAAABYWVogAAAAAAAAb6IAADj1AAADkFhZWiAAAAAAAABimQAAt4UAABjaWFlaIAAAAAAAACSgAAAPhAAAts9kZXNjAAAAAAAAABZJRUMgaHR0cDovL3d3dy5pZWMuY2gAAAAAAAAAAAAAABZJRUMgaHR0cDovL3d3dy5pZWMuY2gAAAAAAAAAAAAAAAAAAAAAAAAAAAAAAAAAAAAAAAAAAAAAAAAAAAAAAAAAAAAAZGVzYwAAAAAAAAAuSUVDIDYxOTY2LTIuMSBEZWZhdWx0IFJHQiBjb2xvdXIgc3BhY2UgLSBzUkdCAAAAAAAAAAAAAAAuSUVDIDYxOTY2LTIuMSBEZWZhdWx0IFJHQiBjb2xvdXIgc3BhY2UgLSBzUkdCAAAAAAAAAAAAAAAAAAAAAAAAAAAAAGRlc2MAAAAAAAAALFJlZmVyZW5jZSBWaWV3aW5nIENvbmRpdGlvbiBpbiBJRUM2MTk2Ni0yLjEAAAAAAAAAAAAAACxSZWZlcmVuY2UgVmlld2luZyBDb25kaXRpb24gaW4gSUVDNjE5NjYtMi4xAAAAAAAAAAAAAAAAAAAAAAAAAAAAAAAAAAB2aWV3AAAAAAATpP4AFF8uABDPFAAD7cwABBMLAANcngAAAAFYWVogAAAAAABMCVYAUAAAAFcf521lYXMAAAAAAAAAAQAAAAAAAAAAAAAAAAAAAAAAAAKPAAAAAnNpZyAAAAAAQ1JUIGN1cnYAAAAAAAAEAAAAAAUACgAPABQAGQAeACMAKAAtADIANwA7AEAARQBKAE8AVABZAF4AYwBoAG0AcgB3AHwAgQCGAIsAkACVAJoAnwCkAKkArgCyALcAvADBAMYAywDQANUA2wDgAOUA6wDwAPYA+wEBAQcBDQETARkBHwElASsBMgE4AT4BRQFMAVIBWQFgAWcBbgF1AXwBgwGLAZIBmgGhAakBsQG5AcEByQHRAdkB4QHpAfIB+gIDAgwCFAIdAiYCLwI4AkECSwJUAl0CZwJxAnoChAKOApgCogKsArYCwQLLAtUC4ALrAvUDAAMLAxYDIQMtAzgDQwNPA1oDZgNyA34DigOWA6IDrgO6A8cD0wPgA+wD+QQGBBMEIAQtBDsESARVBGMEcQR+BIwEmgSoBLYExATTBOEE8AT+BQ0FHAUrBToFSQVYBWcFdwWGBZYFpgW1BcUF1QXlBfYGBgYWBicGNwZIBlkGagZ7BowGnQavBsAG0QbjBvUHBwcZBysHPQdPB2EHdAeGB5kHrAe/B9IH5Qf4CAsIHwgyCEYIWghuCIIIlgiqCL4I0gjnCPsJEAklCToJTwlkCXkJjwmkCboJzwnlCfsKEQonCj0KVApqCoEKmAquCsUK3ArzCwsLIgs5C1ELaQuAC5gLsAvIC+EL+QwSDCoMQwxcDHUMjgynDMAM2QzzDQ0NJg1ADVoNdA2ODakNww3eDfgOEw4uDkkOZA5/DpsOtg7SDu4PCQ8lD0EPXg96D5YPsw/PD+wQCRAmEEMQYRB+EJsQuRDXEPURExExEU8RbRGMEaoRyRHoEgcSJhJFEmQShBKjEsMS4xMDEyMTQxNjE4MTpBPFE+UUBhQnFEkUahSLFK0UzhTwFRIVNBVWFXgVmxW9FeAWAxYmFkkWbBaPFrIW1hb6Fx0XQRdlF4kXrhfSF/cYGxhAGGUYihivGNUY+hkgGUUZaxmRGbcZ3RoEGioaURp3Gp4axRrsGxQbOxtjG4obshvaHAIcKhxSHHscoxzMHPUdHh1HHXAdmR3DHeweFh5AHmoelB6+HukfEx8+H2kflB+/H+ogFSBBIGwgmCDEIPAhHCFIIXUhoSHOIfsiJyJVIoIiryLdIwojOCNmI5QjwiPwJB8kTSR8JKsk2iUJJTglaCWXJccl9yYnJlcmhya3JugnGCdJJ3onqyfcKA0oPyhxKKIo1CkGKTgpaymdKdAqAio1KmgqmyrPKwIrNitpK50r0SwFLDksbiyiLNctDC1BLXYtqy3hLhYuTC6CLrcu7i8kL1ovkS/HL/4wNTBsMKQw2zESMUoxgjG6MfIyKjJjMpsy1DMNM0YzfzO4M/E0KzRlNJ402DUTNU01hzXCNf02NzZyNq426TckN2A3nDfXOBQ4UDiMOMg5BTlCOX85vDn5OjY6dDqyOu87LTtrO6o76DwnPGU8pDzjPSI9YT2hPeA+ID5gPqA+4D8hP2E/oj/iQCNAZECmQOdBKUFqQaxB7kIwQnJCtUL3QzpDfUPARANER0SKRM5FEkVVRZpF3kYiRmdGq0bwRzVHe0fASAVIS0iRSNdJHUljSalJ8Eo3Sn1KxEsMS1NLmkviTCpMcky6TQJNSk2TTdxOJU5uTrdPAE9JT5NP3VAnUHFQu1EGUVBRm1HmUjFSfFLHUxNTX1OqU/ZUQlSPVNtVKFV1VcJWD1ZcVqlW91dEV5JX4FgvWH1Yy1kaWWlZuFoHWlZaplr1W0VblVvlXDVchlzWXSddeF3JXhpebF69Xw9fYV+zYAVgV2CqYPxhT2GiYfViSWKcYvBjQ2OXY+tkQGSUZOllPWWSZedmPWaSZuhnPWeTZ+loP2iWaOxpQ2maafFqSGqfavdrT2una/9sV2yvbQhtYG25bhJua27Ebx5veG/RcCtwhnDgcTpxlXHwcktypnMBc11zuHQUdHB0zHUodYV14XY+dpt2+HdWd7N4EXhueMx5KnmJeed6RnqlewR7Y3vCfCF8gXzhfUF9oX4BfmJ+wn8jf4R/5YBHgKiBCoFrgc2CMIKSgvSDV4O6hB2EgITjhUeFq4YOhnKG14c7h5+IBIhpiM6JM4mZif6KZIrKizCLlov8jGOMyo0xjZiN/45mjs6PNo+ekAaQbpDWkT+RqJIRknqS45NNk7aUIJSKlPSVX5XJljSWn5cKl3WX4JhMmLiZJJmQmfyaaJrVm0Kbr5wcnImc951kndKeQJ6unx2fi5/6oGmg2KFHobaiJqKWowajdqPmpFakx6U4pammGqaLpv2nbqfgqFKoxKk3qamqHKqPqwKrdavprFys0K1ErbiuLa6hrxavi7AAsHWw6rFgsdayS7LCszizrrQltJy1E7WKtgG2ebbwt2i34LhZuNG5SrnCuju6tbsuu6e8IbybvRW9j74KvoS+/796v/XAcMDswWfB48JfwtvDWMPUxFHEzsVLxcjGRsbDx0HHv8g9yLzJOsm5yjjKt8s2y7bMNcy1zTXNtc42zrbPN8+40DnQutE80b7SP9LB00TTxtRJ1MvVTtXR1lXW2Ndc1+DYZNjo2WzZ8dp22vvbgNwF3IrdEN2W3hzeot8p36/gNuC94UThzOJT4tvjY+Pr5HPk/OWE5g3mlucf56noMui86Ubp0Opb6uXrcOv77IbtEe2c7ijutO9A78zwWPDl8XLx//KM8xnzp/Q09ML1UPXe9m32+/eK+Bn4qPk4+cf6V/rn+3f8B/yY/Sn9uv5L/tz/bf///+0ADEFkb2JlX0NNAAL/7gAOQWRvYmUAZIAAAAAB/9sAhAAMCAgICQgMCQkMEQsKCxEVDwwMDxUYExMVExMYEQwMDAwMDBEMDAwMDAwMDAwMDAwMDAwMDAwMDAwMDAwMDAwMAQ0LCw0ODRAODhAUDg4OFBQODg4OFBEMDAwMDBERDAwMDAwMEQwMDAwMDAwMDAwMDAwMDAwMDAwMDAwMDAwMDAz/wAARCAB6AKADASIAAhEBAxEB/90ABAAK/8QBPwAAAQUBAQEBAQEAAAAAAAAAAwABAgQFBgcICQoLAQABBQEBAQEBAQAAAAAAAAABAAIDBAUGBwgJCgsQAAEEAQMCBAIFBwYIBQMMMwEAAhEDBCESMQVBUWETInGBMgYUkaGxQiMkFVLBYjM0coLRQwclklPw4fFjczUWorKDJkSTVGRFwqN0NhfSVeJl8rOEw9N14/NGJ5SkhbSVxNTk9KW1xdXl9VZmdoaWprbG1ub2N0dXZ3eHl6e3x9fn9xEAAgIBAgQEAwQFBgcHBgU1AQACEQMhMRIEQVFhcSITBTKBkRShsUIjwVLR8DMkYuFygpJDUxVjczTxJQYWorKDByY1wtJEk1SjF2RFVTZ0ZeLys4TD03Xj80aUpIW0lcTU5PSltcXV5fVWZnaGlqa2xtbm9ic3R1dnd4eXp7fH/9oADAMBAAIRAxEAPwD0cEETIjsUxsrHLvuVU+tIDKwWwBqYKBZn4lYl+VV+7tZLzuP0W+1MMz2S6ByKh3J+AUzBPPYFU2MO3dvLw8AgkRoQrTfdWx23cQIiYShIkkFRCz7qWEtssY0xIA5UG30wC1rrPCAR/wBUiAyTLA0Dw+kpgfusnuZ1T0Lsc4tB2bJ5B5CmWsPuIBcojfOsQnBkQOUlIOpY5yenZFIEF1ZLfiPc1cF6jnAE9wvRhp9IgDxJhcFm4ox86+kEFrLDtI8D72/9UqfOR+WX+D/BbJpw8ugAk8ADzT5d2JgUss6hmV4vqDcyva62wtPD3MrhlbXfmb7FPJz2dNxrc99LshtIANbIBh7m075f7drd/wD01wv1tyL8nqllt+hdbkBzD+a6u11WyP8Ag6wxjEOXwQnEylZ1oBQD0dn1l+q9czl5NxHautjP+rfd/wBSqx+unQmH9B0+7JPb7RaQ3/Nx20f9WuLUmlWRgxD9AfX1f9JNPV5H14ssEU9KxKgBA9ryfm71ty1+i9Ro6phuyK2ejbW7bdUDIBP0XNJ/McvPy8xrwul+o9w9XLpnRzZ08tjkzPih7ZIiAY66CvNBeo2Na2RqVXuDxqTBVwubED71VyBMnsFngrWnYS72qhkYT9XTp2CJZaWXafR7FGN7HVwnAGJsa2p//9DvrnXMbNDBZYHAbXO2jbPufu/kqnV9pYH7TjYxYQ24Vsktsd7+Y/PqLH/8YtKxrQ7iSdUN0NlzWt11e5xj6I9v+aoyEtfFpt3G2zKsySQWw5oY0a7tzWN/zVfpPsIP5pQKrmWghr2vcww7YZAn6KJUYJBPI0+KUdCpkHS6C0tHMnxUwd3EuPmYQbLNpBjn70hcNYIkc6QpENlogcQkaS4FpdtB0lvKBXabPlzMqy2Y7jzSU1m9Or3bnMadeXkuJ89Vz31kxm05/qSCL2AgAQAW+2F1TgO+vxKwvrfSP2bXksAnHtG7+q/9Gf8ApbVDzEeLGfD1fYiWzy2TijNxMnEe4VsyKbK/UcC4NJaTW9zWe9zW2tZ9FcnndMy+vdZGPQaq8rJutv8Ae4tqBfTVk3hr9r3/AM5Xd6Xs9662rIa1w3cSJ+eiwsf9W+tGDOjftVNbv6r33YLx/wCzdaj5Q+mQ7G/t/wDRERQ1f4t74b9r6nVWT2oqfbB42k3nFatCj/F/0CqDfflZDh9Ibq6W/wCaxl7/APwVdTZWwO22FgAJIDiZ1/kMQm4r3vLaGb2kyIDgCTr/ADbNv53/AAitLnNxvqp9W6HOLemVvcB9K51luo1/Ps9L/oLM6hj43T/rpUzFoZjUZeHW8MqaGMkb8Z5Yxnt9zmLsq+n5bmtZ9nDYGoe4wP8Arbi32rlfrxXZidV6JkuAD2Oux7SwyJBqyK2tP/XHoTjxRlH94GP+Mo7Nv164jgd0C+6sMJAkovWOjdXw8N2eWVtoD2sLd+6wbzsY59bW7G+7/hFRwqbXgGzX4rK4CPmFddVh030QOp9U7ogFRdjGsSNQVqiprOYWf1B72sO3hEG9Atf/0fRbG6A+CFZjMuDRY3cGu3NnTWCz/qXKw+xjAJkzwAoeq930WfMoVakdGFTQ3bSxtYMTt5McSiikCwPcfa36IPj4lRa3KcZe5rW9g2Z+ZKmKQfpEu+KXCP2qtkKxPJPkB4+amK6wdxaJ8XalM0alvEj8miEy6lzi1h3OAkjQf50+5qdSk5cB3+QCcERI1VKvNZa9xpa1zGHa95d3drWf3drkXGfkOsf6o9nDHDjTuf3XI0psEtnz8IQOo4zMzp2TiuEC2tzR8Y9v/SRuycA6JpFij1U+ZPplg09xH3FYn1nD68l17NHbTaw/ymtZmN/6WIu4s6BlZHUcqmotqqqsM2vmDuizbWxvusc3f/UXNfW7DZj5FuHaS5+K3Gt3kBvq0WudjW2NYC/b6brH0vVTlhKMpWNNr/rR9KIxOuj3FJo9HLuaKmbG+u3IsgNFZHqNda+3dXXWylv09qr2dQxjRa63McamHY57WZFjdrvSd+kqx68Sn3NyKfs/pt99HrXV+r9mvVX6r235nRsJjGbjk4LaHuse1g31t+y2P2ht73bX0/6NZbMKnMxqW5DXDFutabKhuDnm6x2Hl3NsORe7IuyW35z8NtN+T6uEzJ+z0fpaq7bXF4E/y/rLxDvKI+vF/wCk+N029dx6gzIx6bLLS4tsa+KTuaSRVazDpyd7fRY/I/TX/Y6vUo9e1nqrM/xnYxHT22AgfZ86myTp7LW2VPI/t7E+S7LuutpusabCLccva117abq9rHNfi7mY92XmehX9n6JR6tH2amrqNv8AN+pbb+uWJTk/VbLspo9A34TMrY4NFjXVuryXNsc3d+laxj/U96Vnt+KiI1uT9PT9vF/3DogP6z9VC2sTdk4zbWNHJsrLbNo/rOrXMUuY1oc0yHCR81q/UDqPq9HpYXa477Kwf5JPr1/9C5L6x9Nqw8oZNLdtGbucWDhlo91ob/Iun1f+3FT5iHUfo+k+XRWeJ0n+8AftaAO8KF2DW8a6+SjSHDUHTwKsuMs05VXZgf/S9A6vdZi9MyMqqoWvobvFbnFoIH09z2+72t96WFmMzMDGzGOgZFbbCAQACR7m7nfuvVi2ht1VlLpLbWOrd8HAtWP9Vse/D6LVh5Ba6zFcdpYZGywm6v3uH0vc5r03Xi8CPxZAInCT+nGY+sJD/uZR/wCe6o3ASO/JGv8A0noreBBkeKgGTDtNfn/1SmGtBkn7ynMbLhwPn+VUjXWMq5orAcA0vsJA3B2702Oj3/o27/5xXnD2/j/FVswVtc2xza9rx+kc8e6G/R9/0fz/AM9OCmtW/G9GumqzeHuLQ2uC+ytx9tkH/wA+olO6mxnrOabajtJkkNrcdra2/vP+j+kehlrha0mw2OfWaxIDSKzpvsdH84x/0NqdmODcHNYW2W+620Ak7mABrXP+js9qKHSjUhNud4J5OhdyRqE5AdoPwTEvP9fyMnDy67mAurubq0chzeXfyl599bM9/Uerj0WEirAdRc8aw5733Utf+67c3cxen9Vqxrn1U21+oa/0kuJ0n2tHt+kuY6x9WepvuFuLGZi3wy/HrZWyykNO5l1T3OY/Ip+mx9H02b/UqUJBGQnozCZOPhIHgeqP6g5W7plBHFGVfWP6ljm5lf8A7fJszDx6r8qmujHY3GfdXWHWWmkseLLcp1uVd+g6Vmtbk2ZO/Ftq/R/aMX1aLrKrMbO+o3rYrupdOvmm7Etoc5tgLSxwbbi/pGkb2s2Y1Fv9R66a/F6Pd1SzqRtffa+AG0VMd7Yh1NmVYx3qY1j/ANP6G5n6VTMLz+404OO0W2V4mI2t+KzbXTVY6RR6w9d3pPwMvL+x5GXjV2facVmVT6Hp+p+k6BuE236v4/T3gSKsjp9sEua5wFmNY9rnusdtfZu/P/R/zSkx/T6QWY3T6ZcZJyHes8kn84fp3u2/4Pdb+jVXI+s9TH7Hvdb6TxupoqDGSw/RNth3exw/MSSATsLeX/xc3TjWNaP0jfTImdAAaHez/rS7nrWE/O6LYGCb6IvqHi5g97P+uVGxcN9RrW1dd6pht/Rs33em06na2z1GfR/kWr0vCcNog8KGcQZSB/SZTriAPTR4Cst2gt7iR8E9d5mPuWl1vpf7PzCGD9Vvmyj+Tr+lo/6253s/4JZVrA2D/rCoyiQSDuGqRWj/AP/T9L3RrHCzcW6mrq2RgixvquY61tM+4MDg9j4/0X6d7Gq61xcxrjyQCfjHuWD1f9U+tvRc6DsymWYdkanX+b4/lPamyNUfEfiy4o8RlH+rKQ/vY48f/cvQEzy4unswdvinaCDO0DxnUqSaZ4/DVOYmUoV1VN9Xo3Q5swWkBwI/dc1ylMcwI5lSaQdd33JAqpZtbAAA2Y1BedVMbj3gd40CUgcBU+tZLqOkZlrJDm0v2kcgkRKRPVMRZA7mnJyPrpjiw14WM61wJAfY4AGDtljGb3uVS3rvWr3AOeaWO4ZUwtP+e7c9Lpbuknp/S8ktrocG7rQzV/rVexj3DW33u+kr131iwq3FtLd753a+P521jd1ihJJFmVeTe4YRPDDAZEWCZ6/KeH+4tiV5jcd11zLHMMul0l4EfT/e2f8AUKxj5jX7WNeBpLXdlGy7LtLm3ywWtAG3Rrm/SP8Amz7ln2dMyKbBdgDc387HJj/tpzvb/Yf7ED0piu5G6F9vldLqPTmWE552jMrq9L1m8vp3C77PY1/7r2+pQ7/B/pP9LYswgEAulw4BcZH/AJFA6t1TrVfS7MnC6fZkfZnD1cdztlpaQfVvZW1trnV0M/RtbXvs/TfaP8GvOsn68devc2yp9VGx4spcxge9u0OY0ttv3+/a737a1JCVhhyx4TXXq+nWG2rFtvY07aWOduiGgge33fRXGHqfQcVlJy8xhcWuN1TCbX7g41+ntoG1m/23++xcbm9Qz+oODs/Kuy3Ay31rHPA/qtcdrVWIAGmnkE46rYzMQa6vc/VPMxr/AK7i3C3tx8yq5wFgDXaVe87Guft3Pq9nuXplJFYG4RPZePfUlj3/AFx6aGcVMsNh8GimyV7A3UBvbw5TJb/RkidD5tL6yuFnSH2EfzD2WD4E+i7/AKNi4uzIa6zbMR2XedWpbd0rLqiC6l5H9Zo9Rv8A0mLzfIeA4ObyY/FVcw9WvZhy/MCOz//U9Cx3lzC0/mnT4FH1ERp2nlZzbXUvFsew/S7hXRfW6vcwz3AHKZCViuzJOBBvoUp2tG5508XHRDtvDR5Kq/G3Z5zHWvDTU2s42hYSxznsvdP0bG79ns/toeTcGMdJQnOtlQhe7K/L9u1nc6f7UPGPVbaGNaPQMvbaHslzNrv0Lq/dttrvYqWHOVf7yRUDIA5MfBdEyAAAI+KOMHcqyEfKGtiUZFLrXWua43EPIbOjtoZYBu/wft3MU8zHGTiW47uLWFh+YhH3B0gGY5hONRr8wnsYNah856LidLqy8qnrRNLqG7WuDiwEtP6RjtsOf6jdm1dAzObW0V9GxG0sbY2xzrGCpj6iIfVZv/Tb/wCWxis9f+q7Opk347hTlxt3Eex4HDbf5X8tYpzsvCzPs2di7PSrABYRa4nttss9rWOUJ9G+g/e/tdE5ceYe4Za168c5cOONfux/S4nUrvy8isNvua0VEta2ls7T/Kst+l7faoO6qMZzaMhzXbh7bGTtOv735ln71e5Zh6plwX1VV1uP575scfM8V7kbEyKMjEZXkOb6gG17XRqRy/b/ACkz3IyNA692Azxk1GifDZ3MHNoueQSQBBBGmp81wn+Mv6r4rb8bqfSKi7JzXubl0Ut0edu9mZsbFdL3bHfaX/zd389/Oepv6Orp1lNgNF5bQTrUQHbf5VRd9D/qEPrX1Ss6la3Mbe/qNbGEfY8iGw8kfpq/S9Ki1zmt/mL/APrP7ifGVabrZxBF3T5ZX0a7dF99NLgdamOORb/23iepW3/rl1atDpmFTXvNFuT/ACr3ipp8xjYpc/8Az8pdV+yp9UMYKmMcKa6g3aJb7H7mQ3/CbtyuYXRB6ose3cyqNoP5xP53/fkTk7BaMQ6lj9SejOxRZ1XLqZRdaz0MXHY3aK6iWuttf+9ffsZX/IpXX12mYWdXo1rR+arLXmQm2SbK6gBQdFkWuaxwlrztcPJ3sd+VeR2vsqyn4zwd+O91Lh51udX/AN9XqtWRsEeB+C4brGC0de6i+NHXGwefqNbbP+c9R5q0LBlGgL//1e5qcO6KbY45VdklSe8NEDlVgWxWq9mQW6HUfisy+52Q8sY3e1hh8naJ/dLlLLteGGI+f+5yz39W6PhAMuf6tg/NEvJcfp+xv0UYVdyIAHdGSQiK7u3hNLK2kTqSIpEj4FaTGvkNDfo6Bz/cSBruXHv+tWQ9pGDj+k2dX2f9V6bFTvzup5Y2ZGVYWGfaw+m3/Nr2pT5rHHa5eTXMg9jndf6P06PtmYz1CdvotO50x/oatz1nO+udJG3DxHHwfadg+Ppt3PXFX49dbv0YAPiOUSqyw88DlQy5qcvlqP4lFvS39X6nmgh95ZWfzK/Y38Pf/wBNZrsV86zBMnvqnxLXbRMAK/W5pHCglOR3JPmtaD/0bffwqLyHbmvEsJ3NPBaR+c1wWrls3DjRVjjnZIHCQnw13XRNEEMcbIzqSGtt9R5ALa3SRt/fse73sat/A6rk1wPTJJmQ1wLT4u92xzf6jlzdfrB21pJAMhhOhWjhZMiJ127PAg/n/wBVW4TEtRoW1HIJivtDqWMbl3vygwM9ZwcG+cCprnfynNb6jlYdQAAGiAD+AG0IVFrS32wABA/IrbbGGAfCE5c1/s0CSde/xTFrg3a+Np4Vixzex1/vVdzy1wk6FJC9Vbi6C47fvWV9ZunvDqep1iamsFOVHaCfQuP8j3ei93/FrcqY1zdwM+SMNrmOre0OY9pa9h4LSNrmFNkOIUxzjxCn/9bsg/QaqDrNVEcd0Gzkf6/eqrZafWs2ujGLZhz/AGj4u9q53ZQdRCl9bP57G/nfpu/q/R/6r9xUqPoD6XzVfmLsV2a2a+IX2bgca9ARt8FP1nbfJA7N5+asD6I4UMqrVjYsc2x2uh7p3V1sdv8AuATDuov47ojwU38d7A0QZlWq7Z9qysf+CuU890ipt2kBs8wossrLeeUnfzR+CpU/SH0vkgEto44DtwQ7q3F+6s7Xx9I6h3k//wAkrDf5s8qvb9Icp8OLiFb+CY8V+ndgOp34x25LfSB0a46sJ8rB7f8AOWli9Ta9obu3GASe2qzz9B3PHf6H/XP5KodO4fz9L/B/Q/63/I/cVsX1r6NuHH+lX0etGUx3ESAh2WNsdP0mt4+KzcX6DeeSr9H82Pnz8fzv5SJSW/g3Ma8NcfpjQq65oCxqeP7Q/wBWrab/ADbeeO6Q2WHd/9n/7Sv0UGhvdG9zaG9wIDMuMAA4QklNBAQAAAAAAA8cAVoAAxslRxwCAAACAAAAOEJJTQQlAAAAAAAQzc/6fajHvgkFcHaurwXDTjhCSU0EOgAAAAAA5QAAABAAAAABAAAAAAALcHJpbnRPdXRwdXQAAAAFAAAAAFBzdFNib29sAQAAAABJbnRlZW51bQAAAABJbnRlAAAAAENscm0AAAAPcHJpbnRTaXh0ZWVuQml0Ym9vbAAAAAALcHJpbnRlck5hbWVURVhUAAAAAQAAAAAAD3ByaW50UHJvb2ZTZXR1cE9iamMAAAAMAFAAcgBvAG8AZgAgAFMAZQB0AHUAcAAAAAAACnByb29mU2V0dXAAAAABAAAAAEJsdG5lbnVtAAAADGJ1aWx0aW5Qcm9vZgAAAAlwcm9vZkNNWUsAOEJJTQQ7AAAAAAItAAAAEAAAAAEAAAAAABJwcmludE91dHB1dE9wdGlvbnMAAAAXAAAAAENwdG5ib29sAAAAAABDbGJyYm9vbAAAAAAAUmdzTWJvb2wAAAAAAENybkNib29sAAAAAABDbnRDYm9vbAAAAAAATGJsc2Jvb2wAAAAAAE5ndHZib29sAAAAAABFbWxEYm9vbAAAAAAASW50cmJvb2wAAAAAAEJja2dPYmpjAAAAAQAAAAAAAFJHQkMAAAADAAAAAFJkICBkb3ViQG/gAAAAAAAAAAAAR3JuIGRvdWJAb+AAAAAAAAAAAABCbCAgZG91YkBv4AAAAAAAAAAAAEJyZFRVbnRGI1JsdAAAAAAAAAAAAAAAAEJsZCBVbnRGI1JsdAAAAAAAAAAAAAAAAFJzbHRVbnRGI1B4bEBSAAAAAAAAAAAACnZlY3RvckRhdGFib29sAQAAAABQZ1BzZW51bQAAAABQZ1BzAAAAAFBnUEMAAAAATGVmdFVudEYjUmx0AAAAAAAAAAAAAAAAVG9wIFVudEYjUmx0AAAAAAAAAAAAAAAAU2NsIFVudEYjUHJjQFkAAAAAAAAAAAAQY3JvcFdoZW5QcmludGluZ2Jvb2wAAAAADmNyb3BSZWN0Qm90dG9tbG9uZwAAAAAAAAAMY3JvcFJlY3RMZWZ0bG9uZwAAAAAAAAANY3JvcFJlY3RSaWdodGxvbmcAAAAAAAAAC2Nyb3BSZWN0VG9wbG9uZwAAAAAAOEJJTQPtAAAAAAAQAEgAAAABAAIASAAAAAEAAjhCSU0EJgAAAAAADgAAAAAAAAAAAAA/gAAAOEJJTQQNAAAAAAAEAAAAHjhCSU0EGQAAAAAABAAAAB44QklNA/MAAAAAAAkAAAAAAAAAAAEAOEJJTScQAAAAAAAKAAEAAAAAAAAAAjhCSU0D9QAAAAAASAAvZmYAAQBsZmYABgAAAAAAAQAvZmYAAQChmZoABgAAAAAAAQAyAAAAAQBaAAAABgAAAAAAAQA1AAAAAQAtAAAABgAAAAAAAThCSU0D+AAAAAAAcAAA/////////////////////////////wPoAAAAAP////////////////////////////8D6AAAAAD/////////////////////////////A+gAAAAA/////////////////////////////wPoAAA4QklNBAAAAAAAAAIAAThCSU0EAgAAAAAABAAAAAA4QklNBDAAAAAAAAIBAThCSU0ELQAAAAAABgABAAAAAjhCSU0ECAAAAAAAEAAAAAEAAAJAAAACQAAAAAA4QklNBB4AAAAAAAQAAAAAOEJJTQQaAAAAAAM3AAAABgAAAAAAAAAAAAAAqAAAANwAAAABADYAAAABAAAAAAAAAAAAAAAAAAAAAAAAAAEAAAAAAAAAAAAAANwAAACoAAAAAAAAAAAAAAAAAAAAAAEAAAAAAAAAAAAAAAAAAAAAAAAAEAAAAAEAAAAAAABudWxsAAAAAgAAAAZib3VuZHNPYmpjAAAAAQAAAAAAAFJjdDEAAAAEAAAAAFRvcCBsb25nAAAAAAAAAABMZWZ0bG9uZwAAAAAAAAAAQnRvbWxvbmcAAACoAAAAAFJnaHRsb25nAAAA3AAAAAZzbGljZXNWbExzAAAAAU9iamMAAAABAAAAAAAFc2xpY2UAAAASAAAAB3NsaWNlSURsb25nAAAAAAAAAAdncm91cElEbG9uZwAAAAAAAAAGb3JpZ2luZW51bQAAAAxFU2xpY2VPcmlnaW4AAAANYXV0b0dlbmVyYXRlZAAAAABUeXBlZW51bQAAAApFU2xpY2VUeXBlAAAAAEltZyAAAAAGYm91bmRzT2JqYwAAAAEAAAAAAABSY3QxAAAABAAAAABUb3AgbG9uZwAAAAAAAAAATGVmdGxvbmcAAAAAAAAAAEJ0b21sb25nAAAAqAAAAABSZ2h0bG9uZwAAANwAAAADdXJsVEVYVAAAAAEAAAAAAABudWxsVEVYVAAAAAEAAAAAAABNc2dlVEVYVAAAAAEAAAAAAAZhbHRUYWdURVhUAAAAAQAAAAAADmNlbGxUZXh0SXNIVE1MYm9vbAEAAAAIY2VsbFRleHRURVhUAAAAAQAAAAAACWhvcnpBbGlnbmVudW0AAAAPRVNsaWNlSG9yekFsaWduAAAAB2RlZmF1bHQAAAAJdmVydEFsaWduZW51bQAAAA9FU2xpY2VWZXJ0QWxpZ24AAAAHZGVmYXVsdAAAAAtiZ0NvbG9yVHlwZWVudW0AAAARRVNsaWNlQkdDb2xvclR5cGUAAAAATm9uZQAAAAl0b3BPdXRzZXRsb25nAAAAAAAAAApsZWZ0T3V0c2V0bG9uZwAAAAAAAAAMYm90dG9tT3V0c2V0bG9uZwAAAAAAAAALcmlnaHRPdXRzZXRsb25nAAAAAAA4QklNBCgAAAAAAAwAAAACP/AAAAAAAAA4QklNBBEAAAAAAAEBADhCSU0EFAAAAAAABAAAAAI4QklNBAwAAAAAIscAAAABAAAAoAAAAHoAAAHgAADkwAAAIqsAGAAB/9j/4gxYSUNDX1BST0ZJTEUAAQEAAAxITGlubwIQAABtbnRyUkdCIFhZWiAHzgACAAkABgAxAABhY3NwTVNGVAAAAABJRUMgc1JHQgAAAAAAAAAAAAAAAQAA9tYAAQAAAADTLUhQICAAAAAAAAAAAAAAAAAAAAAAAAAAAAAAAAAAAAAAAAAAAAAAAAAAAAAAAAAAAAAAABFjcHJ0AAABUAAAADNkZXNjAAABhAAAAGx3dHB0AAAB8AAAABRia3B0AAACBAAAABRyWFlaAAACGAAAABRnWFlaAAACLAAAABRiWFlaAAACQAAAABRkbW5kAAACVAAAAHBkbWRkAAACxAAAAIh2dWVkAAADTAAAAIZ2aWV3AAAD1AAAACRsdW1pAAAD+AAAABRtZWFzAAAEDAAAACR0ZWNoAAAEMAAAAAxyVFJDAAAEPAAACAxnVFJDAAAEPAAACAxiVFJDAAAEPAAACAx0ZXh0AAAAAENvcHlyaWdodCAoYykgMTk5OCBIZXdsZXR0LVBhY2thcmQgQ29tcGFueQAAZGVzYwAAAAAAAAASc1JHQiBJRUM2MTk2Ni0yLjEAAAAAAAAAAAAAABJzUkdCIElFQzYxOTY2LTIuMQAAAAAAAAAAAAAAAAAAAAAAAAAAAAAAAAAAAAAAAAAAAAAAAAAAAAAAAAAAAAAAAAAAWFlaIAAAAAAAAPNRAAEAAAABFsxYWVogAAAAAAAAAAAAAAAAAAAAAFhZWiAAAAAAAABvogAAOPUAAAOQWFlaIAAAAAAAAGKZAAC3hQAAGNpYWVogAAAAAAAAJKAAAA+EAAC2z2Rlc2MAAAAAAAAAFklFQyBodHRwOi8vd3d3LmllYy5jaAAAAAAAAAAAAAAAFklFQyBodHRwOi8vd3d3LmllYy5jaAAAAAAAAAAAAAAAAAAAAAAAAAAAAAAAAAAAAAAAAAAAAAAAAAAAAAAAAAAAAABkZXNjAAAAAAAAAC5JRUMgNjE5NjYtMi4xIERlZmF1bHQgUkdCIGNvbG91ciBzcGFjZSAtIHNSR0IAAAAAAAAAAAAAAC5JRUMgNjE5NjYtMi4xIERlZmF1bHQgUkdCIGNvbG91ciBzcGFjZSAtIHNSR0IAAAAAAAAAAAAAAAAAAAAAAAAAAAAAZGVzYwAAAAAAAAAsUmVmZXJlbmNlIFZpZXdpbmcgQ29uZGl0aW9uIGluIElFQzYxOTY2LTIuMQAAAAAAAAAAAAAALFJlZmVyZW5jZSBWaWV3aW5nIENvbmRpdGlvbiBpbiBJRUM2MTk2Ni0yLjEAAAAAAAAAAAAAAAAAAAAAAAAAAAAAAAAAAHZpZXcAAAAAABOk/gAUXy4AEM8UAAPtzAAEEwsAA1yeAAAAAVhZWiAAAAAAAEwJVgBQAAAAVx/nbWVhcwAAAAAAAAABAAAAAAAAAAAAAAAAAAAAAAAAAo8AAAACc2lnIAAAAABDUlQgY3VydgAAAAAAAAQAAAAABQAKAA8AFAAZAB4AIwAoAC0AMgA3ADsAQABFAEoATwBUAFkAXgBjAGgAbQByAHcAfACBAIYAiwCQAJUAmgCfAKQAqQCuALIAtwC8AMEAxgDLANAA1QDbAOAA5QDrAPAA9gD7AQEBBwENARMBGQEfASUBKwEyATgBPgFFAUwBUgFZAWABZwFuAXUBfAGDAYsBkgGaAaEBqQGxAbkBwQHJAdEB2QHhAekB8gH6AgMCDAIUAh0CJgIvAjgCQQJLAlQCXQJnAnECegKEAo4CmAKiAqwCtgLBAssC1QLgAusC9QMAAwsDFgMhAy0DOANDA08DWgNmA3IDfgOKA5YDogOuA7oDxwPTA+AD7AP5BAYEEwQgBC0EOwRIBFUEYwRxBH4EjASaBKgEtgTEBNME4QTwBP4FDQUcBSsFOgVJBVgFZwV3BYYFlgWmBbUFxQXVBeUF9gYGBhYGJwY3BkgGWQZqBnsGjAadBq8GwAbRBuMG9QcHBxkHKwc9B08HYQd0B4YHmQesB78H0gflB/gICwgfCDIIRghaCG4IggiWCKoIvgjSCOcI+wkQCSUJOglPCWQJeQmPCaQJugnPCeUJ+woRCicKPQpUCmoKgQqYCq4KxQrcCvMLCwsiCzkLUQtpC4ALmAuwC8gL4Qv5DBIMKgxDDFwMdQyODKcMwAzZDPMNDQ0mDUANWg10DY4NqQ3DDd4N+A4TDi4OSQ5kDn8Omw62DtIO7g8JDyUPQQ9eD3oPlg+zD88P7BAJECYQQxBhEH4QmxC5ENcQ9RETETERTxFtEYwRqhHJEegSBxImEkUSZBKEEqMSwxLjEwMTIxNDE2MTgxOkE8UT5RQGFCcUSRRqFIsUrRTOFPAVEhU0FVYVeBWbFb0V4BYDFiYWSRZsFo8WshbWFvoXHRdBF2UXiReuF9IX9xgbGEAYZRiKGK8Y1Rj6GSAZRRlrGZEZtxndGgQaKhpRGncanhrFGuwbFBs7G2MbihuyG9ocAhwqHFIcexyjHMwc9R0eHUcdcB2ZHcMd7B4WHkAeah6UHr4e6R8THz4faR+UH78f6iAVIEEgbCCYIMQg8CEcIUghdSGhIc4h+yInIlUigiKvIt0jCiM4I2YjlCPCI/AkHyRNJHwkqyTaJQklOCVoJZclxyX3JicmVyaHJrcm6CcYJ0kneierJ9woDSg/KHEooijUKQYpOClrKZ0p0CoCKjUqaCqbKs8rAis2K2krnSvRLAUsOSxuLKIs1y0MLUEtdi2rLeEuFi5MLoIuty7uLyQvWi+RL8cv/jA1MGwwpDDbMRIxSjGCMbox8jIqMmMymzLUMw0zRjN/M7gz8TQrNGU0njTYNRM1TTWHNcI1/TY3NnI2rjbpNyQ3YDecN9c4FDhQOIw4yDkFOUI5fzm8Ofk6Njp0OrI67zstO2s7qjvoPCc8ZTykPOM9Ij1hPaE94D4gPmA+oD7gPyE/YT+iP+JAI0BkQKZA50EpQWpBrEHuQjBCckK1QvdDOkN9Q8BEA0RHRIpEzkUSRVVFmkXeRiJGZ0arRvBHNUd7R8BIBUhLSJFI10kdSWNJqUnwSjdKfUrESwxLU0uaS+JMKkxyTLpNAk1KTZNN3E4lTm5Ot08AT0lPk0/dUCdQcVC7UQZRUFGbUeZSMVJ8UsdTE1NfU6pT9lRCVI9U21UoVXVVwlYPVlxWqVb3V0RXklfgWC9YfVjLWRpZaVm4WgdaVlqmWvVbRVuVW+VcNVyGXNZdJ114XcleGl5sXr1fD19hX7NgBWBXYKpg/GFPYaJh9WJJYpxi8GNDY5dj62RAZJRk6WU9ZZJl52Y9ZpJm6Gc9Z5Nn6Wg/aJZo7GlDaZpp8WpIap9q92tPa6dr/2xXbK9tCG1gbbluEm5rbsRvHm94b9FwK3CGcOBxOnGVcfByS3KmcwFzXXO4dBR0cHTMdSh1hXXhdj52m3b4d1Z3s3gReG54zHkqeYl553pGeqV7BHtje8J8IXyBfOF9QX2hfgF+Yn7CfyN/hH/lgEeAqIEKgWuBzYIwgpKC9INXg7qEHYSAhOOFR4Wrhg6GcobXhzuHn4gEiGmIzokziZmJ/opkisqLMIuWi/yMY4zKjTGNmI3/jmaOzo82j56QBpBukNaRP5GokhGSepLjk02TtpQglIqU9JVflcmWNJaflwqXdZfgmEyYuJkkmZCZ/JpomtWbQpuvnByciZz3nWSd0p5Anq6fHZ+Ln/qgaaDYoUehtqImopajBqN2o+akVqTHpTilqaYapoum/adup+CoUqjEqTepqaocqo+rAqt1q+msXKzQrUStuK4trqGvFq+LsACwdbDqsWCx1rJLssKzOLOutCW0nLUTtYq2AbZ5tvC3aLfguFm40blKucK6O7q1uy67p7whvJu9Fb2Pvgq+hL7/v3q/9cBwwOzBZ8Hjwl/C28NYw9TEUcTOxUvFyMZGxsPHQce/yD3IvMk6ybnKOMq3yzbLtsw1zLXNNc21zjbOts83z7jQOdC60TzRvtI/0sHTRNPG1EnUy9VO1dHWVdbY11zX4Nhk2OjZbNnx2nba+9uA3AXcit0Q3ZbeHN6i3ynfr+A24L3hROHM4lPi2+Nj4+vkc+T85YTmDeaW5x/nqegy6LzpRunQ6lvq5etw6/vshu0R7ZzuKO6070DvzPBY8OXxcvH/8ozzGfOn9DT0wvVQ9d72bfb794r4Gfio+Tj5x/pX+uf7d/wH/Jj9Kf26/kv+3P9t////7QAMQWRvYmVfQ00AAv/uAA5BZG9iZQBkgAAAAAH/2wCEAAwICAgJCAwJCQwRCwoLERUPDAwPFRgTExUTExgRDAwMDAwMEQwMDAwMDAwMDAwMDAwMDAwMDAwMDAwMDAwMDAwBDQsLDQ4NEA4OEBQODg4UFA4ODg4UEQwMDAwMEREMDAwMDAwRDAwMDAwMDAwMDAwMDAwMDAwMDAwMDAwMDAwMDP/AABEIAHoAoAMBIgACEQEDEQH/3QAEAAr/xAE/AAABBQEBAQEBAQAAAAAAAAADAAECBAUGBwgJCgsBAAEFAQEBAQEBAAAAAAAAAAEAAgMEBQYHCAkKCxAAAQQBAwIEAgUHBggFAwwzAQACEQMEIRIxBUFRYRMicYEyBhSRobFCIyQVUsFiMzRygtFDByWSU/Dh8WNzNRaisoMmRJNUZEXCo3Q2F9JV4mXys4TD03Xj80YnlKSFtJXE1OT0pbXF1eX1VmZ2hpamtsbW5vY3R1dnd4eXp7fH1+f3EQACAgECBAQDBAUGBwcGBTUBAAIRAyExEgRBUWFxIhMFMoGRFKGxQiPBUtHwMyRi4XKCkkNTFWNzNPElBhaisoMHJjXC0kSTVKMXZEVVNnRl4vKzhMPTdePzRpSkhbSVxNTk9KW1xdXl9VZmdoaWprbG1ub2JzdHV2d3h5ent8f/2gAMAwEAAhEDEQA/APRwQRMiOxTGyscu+5VT60gMrBbAGpgoFmfiViX5VX7u1kvO4/Rb7UwzPZLoHIqHcn4BTME89gVTYw7d28vDwCCRGhCtN91bHbdxAiJhKEiSQVELPupYS2yxjTEgDlQbfTALWus8IBH/AFSIDJMsDQPD6SmB+6ye5nVPQuxzi0HZsnkHkKZaw+4gFyiN86xCcGRA5SUg6ljnJ6dkUgQXVkt+I9zVwXqOcAT3C9GGn0iAPEmFwWbijHzr6QQWssO0jwPvb/1Sp85H5Zf4P8FsmnDy6ACTwAPNPl3YmBSyzqGZXi+oNzK9rrbC08PcyuGVtd+ZvsU8nPZ03Gtz30uyG0gA1sgGHubTvl/t2t3/APTXC/W3IvyeqWW36F1uQHMP5rq7XVbI/wCDrDGMQ5fBCcTKVnWgFAPR2fWX6r1zOXk3Edq62M/6t93/AFKrH66dCYf0HT7sk9vtFpDf83HbR/1a4tSaVZGDEP0B9fV/0k09XkfXiywRT0rEqAED2vJ+bvW3LX6L1GjqmG7IrZ6Ntbtt1QMgE/Rc0n8xy8/LzGvC6X6j3D1cumdHNnTy2OTM+KHtkiIBjroK80F6jY1rZGpVe4PGpMFXC5sQPvVXIEyewWeCtadhLvaqGRhP1dOnYIllpZdp9HsUY3sdXCcAYmxran//0O+udcxs0MFlgcBtc7aNs+5+7+SqdX2lgftONjFhDbhWyS2x3v5j8+osf/xi0rGtDuJJ1Q3Q2XNa3XV7nGPoj2/5qjIS18Wm3cbbMqzJJBbDmhjRru3NY3/NV+k+wg/mlAquZaCGva9zDDthkCfoolRgkE8jT4pR0KmQdLoLS0cyfFTB3cS4+ZhBss2kGOfvSFw1giRzpCkQ2WiBxCRpLgWl20HSW8oFdps+XMyrLZjuPNJTWb06vducxp15eS4nz1XPfWTGbTn+pIIvYCABABb7YXVOA76/ErC+t9I/ZteSwCce0bv6r/0Z/wCltUPMR4sZ8PV9iJbPLZOKM3EycR7hWzIpsr9RwLg0lpNb3NZ73Nba1n0Vyed0zL691kY9Bqrysm62/wB7i2oF9NWTeGv2vf8Azld3pez3rrashrXDdxIn56LCx/1b60YM6N+1U1u/qvfdgvH/ALN1qPlD6ZDsb+3/ANERFDV/i3vhv2vqdVZPaip9sHjaTecVq0KP8X/QKoN9+VkOH0hurpb/AJrGXv8A/BV1NlbA7bYWAAkgOJnX+QxCbive8toZvaTIgOAJOv8ANs2/nf8ACK0uc3G+qn1boc4t6ZW9wH0rnWW6jX8+z0v+gszqGPjdP+ulTMWhmNRl4dbwypoYyRvxnljGe33OYuyr6flua1n2cNgah7jA/wCtuLfauV+vFdmJ1XomS4APY67HtLDIkGrIra0/9cehOPFGUf3gY/4yjs2/XriOB3QL7qwwkCSi9Y6N1fDw3Z5ZW2gPawt37rBvOxjn1tbsb7v+EVHCpteAbNfisrgI+YV11WHTfRA6n1TuiAVF2MaxI1BWqKms5hZ/UHvaw7eEQb0C1//R9FsboD4IVmMy4NFjdwa7c2dNYLP+pcrD7GMAmTPACh6r3fRZ8yhVqR0YVNDdtLG1gxO3kxxKKKQLA9x9rfog+PiVFrcpxl7mtb2DZn5kqYpB+kS74pcI/aq2QrE8k+QHj5qYrrB3FonxdqUzRqW8SPyaITLqXOLWHc4CSNB/nT7mp1KTlwHf5AJwREjVUq81lr3GlrXMYdr3l3d2tZ/d2uRcZ+Q6x/qj2cMcONO5/dcjSmwS2fPwhA6jjMzOnZOK4QLa3NHxj2/9JG7JwDomkWKPVT5k+mWDT3EfcVifWcPryXXs0dtNrD/Ka1mY3/pYi7izoGVkdRyqai2qqqwza+YO6LNtbG+6xzd/9Rc19bsNmPkW4dpLn4rca3eQG+rRa52NbY1gL9vpusfS9VOWEoylY02v+tH0ojE66PcUmj0cu5oqZsb67ciyA0Vkeo11r7d1ddbKW/T2qvZ1DGNFrrcxxqYdjntZkWN2u9J36SrHrxKfc3Ip+z+m330etdX6v2a9VfqvbfmdGwmMZuOTgtoe6x7WDfW37LY/aG3vdtfT/o1lswqczGpbkNcMW61psqG4OebrHYeXc2w5F7si7JbfnPw2035Pq4TMn7PR+lqrttcXgT/L+svEO8oj68X/AKT43Tb13HqDMjHpsstLi2xr4pO5pJFVrMOnJ3t9Fj8j9Nf9jq9Sj17Weqsz/GdjEdPbYCB9nzqbJOnstbZU8j+3sT5Lsu662m6xpsItxy9rXXtpur2sc1+LuZj3ZeZ6Ff2folHq0fZqauo2/wA36ltv65YlOT9Vsuymj0DfhMytjg0WNdW6vJc2xzd36VrGP9T3pWe34qIjW5P09P28X/cOiA/rP1ULaxN2TjNtY0cmysts2j+s6tcxS5jWhzTIcJHzWr9QOo+r0elhdrjvsrB/kk+vX/0LkvrH02rDyhk0t20Zu5xYOGWj3Whv8i6fV/7cVPmIdR+j6T5dFZ4nSf7wB+1oA7woXYNbxrr5KNIcNQdPAqy4yzTlVdmB/9L0Dq91mL0zIyqqha+hu8VucWggfT3Pb7va33pYWYzMwMbMY6BkVtsIBAAJHubud+69WLaG3VWUukttY6t3wcC1Y/1Wx78PotWHkFrrMVx2lhkbLCbq/e4fS9zmvTdeLwI/FkAicJP6cZj6wkP+5lH/AJ7qjcBI78ka/wDSeit4EGR4qAZMO01+f/VKYa0GSfvKcxsuHA+f5VSNdYyrmisBwDS+wkDcHbvTY6Pf+jbv/nFecPb+P8VWzBW1zbHNr2vH6Rzx7ob9H3/R/P8Az04Ka1b8b0a6arN4e4tDa4L7K3H22Qf/AD6iU7qbGes5ptqO0mSQ2tx2trb+8/6P6R6GWuFrSbDY59ZrEgNIrOm+x0fzjH/Q2p2Y4Nwc1hbZb7rbQCTuYAGtc/6Oz2oodKNSE253gnk6F3JGoTkB2g/BMS8/1/IycPLruYC6u5urRyHN5d/KXn31sz39R6uPRYSKsB1FzxrDnvfdS1/7rtzdzF6f1WrGufVTbX6hr/SS4nSfa0e36S5jrH1Z6m+4W4sZmLfDL8etlbLKQ07mXVPc5j8in6bH0fTZv9SpQkEZCejMJk4+EgeB6o/qDlbumUEcUZV9Y/qWObmV/wDt8mzMPHqvyqa6MdjcZ91dYdZaaSx4stynW5V36DpWa1uTZk78W2r9H9oxfVousqsxs76jetiu6l06+absS2hzm2AtLHBtuL+kaRvazZjUW/1Hrpr8Xo93VLOpG199r4AbRUx3tiHU2ZVjHepjWP8A0/obmfpVMwvP7jTg47RbZXiYja34rNtdNVjpFHrD13ek/Ay8v7HkZeNXZ9pxWZVPoen6n6ToG4Tbfq/j9PeBIqyOn2wS5rnAWY1j2ue6x219m78/9H/NKTH9PpBZjdPplxknId6zySfzh+ne7b/g91v6NVcj6z1Mfse91vpPG6mioMZLD9E22Hd7HD8xJIBOwt5f/FzdONY1o/SN9MiZ0ABod7P+tLuetYT87otgYJvoi+oeLmD3s/65UbFw31GtbV13qmG39Gzfd6bTqdrbPUZ9H+RavS8Jw2iDwoZxBlIH9JlOuIA9NHgKy3aC3uJHwT13mY+5aXW+l/s/MIYP1W+bKP5Ov6Wj/rbnez/gllWsDYP+sKjKJBIO4apFaP8A/9P0vdGscLNxbqaurZGCLG+q5jrW0z7gwOD2Pj/Rfp3sarrXFzGuPJAJ+Me5YPV/1T629FzoOzKZZh2Rqdf5vj+U9qbI1R8R+LLijxGUf6spD+9jjx/9y9ATPLi6ezB2+KdoIM7QPGdSpJpnj8NU5iZShXVU31ejdDmzBaQHAj91zXKUxzAjmVJpB13fckCqlm1sAADZjUF51UxuPeB3jQJSBwFT61kuo6RmWskObS/aRyCREpE9UxFkDuacnI+umOLDXhYzrXAkB9jgAYO2WMZve5VLeu9avcA55pY7hlTC0/57tz0ulu6Sen9LyS2uhwbutDNX+tV7GPcNbfe76SvXfWLCrcW0t3vndr4/nbWN3WKEkkWZV5N7hhE8MMBkRYJnr8p4f7i2JXmNx3XXMscwy6XSXgR9P97Z/wBQrGPmNftY14Gktd2UbLsu0ubfLBa0AbdGub9I/wCbPuWfZ0zIpsF2ANzfzscmP+2nO9v9h/sQPSmK7kboX2+V0uo9OZYTnnaMyur0vWby+ncLvs9jX/uvb6lDv8H+k/0tizCAQC6XDgFxkf8AkUDq3VOtV9LsycLp9mR9mcPVx3O2WlpB9W9lbW2udXQz9G1te+z9N9o/wa86yfrx169zbKn1UbHiylzGB727Q5jS22/f79rvftrUkJWGHLHhNder6dYbasW29jTtpY526IaCB7fd9FcYep9BxWUnLzGFxa43VMJtfuDjX6e2gbWb/bf77Fxub1DP6g4Oz8q7LcDLfWsc8D+q1x2tVYgAaaeQTjqtjMxBrq9z9U8zGv8AruLcLe3HzKrnAWANdpV7zsa5+3c+r2e5emUkVgbhE9l499SWPf8AXHpoZxUyw2HwaKbJXsDdQG9vDlMlv9GSJ0Pm0vrK4WdIfYR/MPZYPgT6Lv8Ao2Li7MhrrNsxHZd51alt3SsuqILqXkf1mj1G/wDSYvN8h4Dg5vJj8VVzD1a9mHL8wI7P/9T0LHeXMLT+adPgUfURGnaeVnNtdS8Wx7D9LuFdF9bq9zDPcAcpkJWK7Mk4EG+hSna0bnnTxcdEO28NHkqr8bdnnMda8NNTazjaFhLHOey90/Rsbv2ez+2h5NwYx0lCc62VCF7sr8v27Wdzp/tQ8Y9VtoY1o9Ay9toeyXM2u/Qur9222u9ipYc5V/vJFQMgDkx8F0TIAAAj4o4wdyrIR8oa2JRkUutda5rjcQ8hs6O2hlgG7/B+3cxTzMcZOJbju4tYWH5iEfcHSAZjmE41GvzCexg1qHznouJ0urLyqetE0uobta4OLAS0/pGO2w5/qN2bV0DM5tbRX0bEbSxtjbHOsYKmPqIh9Vm/9Nv/AJbGKz1/6rs6mTfjuFOXG3cR7HgcNt/lfy1inOy8LM+zZ2Ls9KsAFhFrie22yz2tY5Qn0b6D97+10Tlx5h7hlrXrxzlw441+7H9LidSu/LyKw2+5rRUS1raWztP8qy36Xt9qg7qoxnNoyHNduHtsZO06/vfmWfvV7lmHqmXBfVVXW4/nvmxx8zxXuRsTIoyMRleQ5vqAbXtdGpHL9v8AKTPcjI0Dr3YDPGTUaJ8Nncwc2i55BJAEEEaanzXCf4y/qvitvxup9IqLsnNe5uXRS3R5272ZmxsV0vdsd9pf/N3fz3856m/o6unWU2A0XltBOtRAdt/lVF30P+oQ+tfVKzqVrcxt7+o1sYR9jyIbDyR+mr9L0qLXOa3+Yv8A+s/uJ8ZVputnEEXdPllfRrt0X300uB1qY45Fv/beJ6lbf+uXVq0OmYVNe80W5P8AKveKmnzGNilz/wDPyl1X7Kn1QxgqYxwprqDdolvsfuZDf8Ju3K5hdEHqix7dzKo2g/nE/nf9+ROTsFoxDqWP1J6M7FFnVcuplF1rPQxcdjdorqJa621/719+xlf8ildfXaZhZ1ejWtH5qsteZCbZJsrqAFB0WRa5rHCWvO1w8nex35V5Ha+yrKfjPB3473UuHnW51f8A31eq1ZGwR4H4LhusYLR17qL40dcbB5+o1ts/5z1HmrQsGUaAv//V7mpw7optjjlV2SVJ7w0QOVWBbFar2ZBbodR+KzL7nZDyxjd7WGHydon90uUsu14YYj5/7nLPf1bo+EAy5/q2D80S8lx+n7G/RRhV3IgAd0ZJCIru7eE0sraROpIikSPgVpMa+Q0N+joHP9xIGu5ce/61ZD2kYOP6TZ1fZ/1XpsVO/O6nljZkZVhYZ9rD6bf82valPmscdrl5NcyD2Od1/o/To+2ZjPUJ2+i07nTH+hq3PWc7650kbcPEcfB9p2D4+m3c9cVfj11u/RgA+I5RKrLDzwOVDLmpy+Wo/iUW9Lf1fqeaCH3llZ/Mr9jfw9//AE1muxXzrMEye+qfEtdtEwAr9bmkcKCU5Hck+a1oP/Rt9/CovIdua8Swnc08FpH5zXBauWzcONFWOOdkgcJCfDXddE0QQxxsjOpIa231HkAtrdJG39+x7vexq38DquTXA9MkmZDXAtPi73bHN/qOXN1+sHbWkkAyGE6FaOFkyInXbs8CD+f/AFVbhMS1GhbUcgmK+0OpYxuXe/KDAz1nBwb5wKmud/Kc1vqOVh1AAAaIAP4AbQhUWtLfbAAED8ittsYYB8ITlzX+zQJJ17/FMWuDdr42nhWLHN7HX+9V3PLXCToUkL1VuLoLjt+9ZX1m6e8Op6nWJqawU5UdoJ9C4/yPd6L3f8WtypjXN3Az5Iw2uY6t7Q5j2lr2HgtI2uYU2Q4hTHOPEKf/1uyD9BqoOs1URx3QbOR/r96qtlp9aza6MYtmHP8AaPi72rndlB1EKX1s/nsb+d+m7+r9H/qv3FSo+gPpfNV+YuxXZrZr4hfZuBxr0BG3wU/Wdt8kDs3n5qwPojhQyqtWNixzbHa6HundXWx2/wC4BMO6i/juiPBTfx3sDRBmVartn2rKx/4K5Tz3SKm3aQGzzCiyyst55Sd/NH4KlT9IfS+SAS2jjgO3BDurcX7qztfH0jqHeT//ACSsN/mzyq9v0hynw4uIVv4JjxX6d2A6nfjHbkt9IHRrjqwnysHt/wA5aWL1Nr2hu7cYBJ7arPP0Hc8d/of9c/kqh07h/P0v8H9D/rf8j9xWxfWvo24cf6VfR60ZTHcRICHZY2x0/Sa3j4rNxfoN55Kv0fzY+fPx/O/lIlJb+Dcxrw1x+mNCrrmgLGp4/tD/AFatpv8ANt547pDZYd3/2QA4QklNBCEAAAAAAFUAAAABAQAAAA8AQQBkAG8AYgBlACAAUABoAG8AdABvAHMAaABvAHAAAAATAEEAZABvAGIAZQAgAFAAaABvAHQAbwBzAGgAbwBwACAAQwBTADYAAAABADhCSU0EBgAAAAAABwAIAAAAAQEA/+EOS2h0dHA6Ly9ucy5hZG9iZS5jb20veGFwLzEuMC8APD94cGFja2V0IGJlZ2luPSLvu78iIGlkPSJXNU0wTXBDZWhpSHpyZVN6TlRjemtjOWQiPz4gPHg6eG1wbWV0YSB4bWxuczp4PSJhZG9iZTpuczptZXRhLyIgeDp4bXB0az0iQWRvYmUgWE1QIENvcmUgNS4zLWMwMTEgNjYuMTQ1NjYxLCAyMDEyLzAyLzA2LTE0OjU2OjI3ICAgICAgICAiPiA8cmRmOlJERiB4bWxuczpyZGY9Imh0dHA6Ly93d3cudzMub3JnLzE5OTkvMDIvMjItcmRmLXN5bnRheC1ucyMiPiA8cmRmOkRlc2NyaXB0aW9uIHJkZjphYm91dD0iIiB4bWxuczp4bXA9Imh0dHA6Ly9ucy5hZG9iZS5jb20veGFwLzEuMC8iIHhtbG5zOnhtcE1NPSJodHRwOi8vbnMuYWRvYmUuY29tL3hhcC8xLjAvbW0vIiB4bWxuczpzdFJlZj0iaHR0cDovL25zLmFkb2JlLmNvbS94YXAvMS4wL3NUeXBlL1Jlc291cmNlUmVmIyIgeG1sbnM6c3RFdnQ9Imh0dHA6Ly9ucy5hZG9iZS5jb20veGFwLzEuMC9zVHlwZS9SZXNvdXJjZUV2ZW50IyIgeG1sbnM6ZGM9Imh0dHA6Ly9wdXJsLm9yZy9kYy9lbGVtZW50cy8xLjEvIiB4bWxuczpwaG90b3Nob3A9Imh0dHA6Ly9ucy5hZG9iZS5jb20vcGhvdG9zaG9wLzEuMC8iIHhtcDpDcmVhdG9yVG9vbD0iQWRvYmUgUGhvdG9zaG9wIENTNiAoV2luZG93cykiIHhtcDpDcmVhdGVEYXRlPSIyMDEyLTExLTAxVDA5OjIxOjMwKzAxOjAwIiB4bXA6TW9kaWZ5RGF0ZT0iMjAxMi0xMS0wMVQwOTo1NzoxOSswMTowMCIgeG1wOk1ldGFkYXRhRGF0ZT0iMjAxMi0xMS0wMVQwOTo1NzoxOSswMTowMCIgeG1wTU06SW5zdGFuY2VJRD0ieG1wLmlpZDo4NzQ2NzJFRDAxMjRFMjExOUU5MUJDQzQ5RjQ2Mjc0QSIgeG1wTU06RG9jdW1lbnRJRD0ieG1wLmRpZDpGNENGNjU5MTEzOUMxMUUyOUI2OURDRjExREI2Qzk0RSIgeG1wTU06T3JpZ2luYWxEb2N1bWVudElEPSJ4bXAuZGlkOkY0Q0Y2NTkxMTM5QzExRTI5QjY5RENGMTFEQjZDOTRFIiBkYzpmb3JtYXQ9ImltYWdlL2pwZWciIHBob3Rvc2hvcDpDb2xvck1vZGU9IjMiPiA8eG1wTU06RGVyaXZlZEZyb20gc3RSZWY6aW5zdGFuY2VJRD0ieG1wLmlpZDpGNENGNjU4RTEzOUMxMUUyOUI2OURDRjExREI2Qzk0RSIgc3RSZWY6ZG9jdW1lbnRJRD0ieG1wLmRpZDpGNENGNjU4RjEzOUMxMUUyOUI2OURDRjExREI2Qzk0RSIvPiA8eG1wTU06SGlzdG9yeT4gPHJkZjpTZXE+IDxyZGY6bGkgc3RFdnQ6YWN0aW9uPSJzYXZlZCIgc3RFdnQ6aW5zdGFuY2VJRD0ieG1wLmlpZDo4NzQ2NzJFRDAxMjRFMjExOUU5MUJDQzQ5RjQ2Mjc0QSIgc3RFdnQ6d2hlbj0iMjAxMi0xMS0wMVQwOTo1NzoxOSswMTowMCIgc3RFdnQ6c29mdHdhcmVBZ2VudD0iQWRvYmUgUGhvdG9zaG9wIENTNiAoV2luZG93cykiIHN0RXZ0OmNoYW5nZWQ9Ii8iLz4gPC9yZGY6U2VxPiA8L3htcE1NOkhpc3Rvcnk+IDxwaG90b3Nob3A6RG9jdW1lbnRBbmNlc3RvcnM+IDxyZGY6QmFnPiA8cmRmOmxpPnhtcC5kaWQ6NTUyM0FFOEJENjVGMTFFMUEwMTFGMjcwMDE0OEU4MDY8L3JkZjpsaT4gPC9yZGY6QmFnPiA8L3Bob3Rvc2hvcDpEb2N1bWVudEFuY2VzdG9ycz4gPC9yZGY6RGVzY3JpcHRpb24+IDwvcmRmOlJERj4gPC94OnhtcG1ldGE+ICAgICAgICAgICAgICAgICAgICAgICAgICAgICAgICAgICAgICAgICAgICAgICAgICAgICAgICAgICAgICAgICAgICAgICAgICAgICAgICAgICAgICAgICAgICAgICAgICAgICAgICAgICAgICAgICAgICAgICAgICAgICAgICAgICAgICAgICAgICAgICAgICAgICAgICAgICAgICAgICAgICAgICAgICAgICAgICAgICAgICAgICAgICAgICAgICAgICAgICAgICAgICAgICAgICAgICAgICAgICAgICAgICAgICAgICAgICAgICAgICAgICAgICAgICAgICAgICAgICAgICAgICAgICAgICAgICAgICAgICAgICAgICAgICAgICAgICAgICAgICAgICAgICAgICAgICAgICAgICAgICAgICAgICAgICAgICAgICAgICAgICAgICAgICAgICAgICAgICAgICAgICAgICAgICAgICAgICAgICAgICAgICAgICAgICAgICAgICAgICAgICAgICAgICAgICAgICAgICAgICAgICAgICAgICAgICAgICAgICAgICAgICAgICAgICAgICAgICAgICAgICAgICAgICAgICAgICAgICAgICAgICAgICAgICAgICAgICAgICAgICAgICAgICAgICAgICAgICAgICAgICAgICAgICAgICAgICAgICAgICAgICAgICAgICAgICAgICAgICAgICAgICAgICAgICAgICAgICAgICAgICAgICAgICAgICAgICAgICAgICAgICAgICAgICAgICAgICAgICAgICAgICAgICAgICAgICAgICAgICAgICAgICAgICAgICAgICAgICAgICAgICAgICAgICAgICAgICAgICAgICAgICAgICAgICAgICAgICAgICAgICAgICAgICAgICAgICAgICAgICAgICAgICAgICAgICAgICAgICAgICAgICAgICAgICAgICAgICAgICAgICAgICAgICAgICAgICAgICAgICAgICAgICAgICAgICAgICAgICAgICAgICAgICAgICAgICAgICAgICAgICAgICAgICAgICAgICAgICAgICAgICAgICAgICAgICAgICAgICAgICAgICAgICAgICAgICAgICAgICAgICAgICAgICAgICAgICAgICAgICAgICAgICAgICAgICAgICAgICAgICAgICAgICAgICAgICAgICAgICAgICAgICAgICAgICAgICAgICAgICAgICAgICAgICAgICAgICAgICAgICAgICAgICAgICAgICAgICAgICAgICAgICAgICAgICAgICAgICAgICAgICAgICAgICAgICAgICAgICAgICAgICAgICAgICAgICAgICAgICAgICAgICAgICAgICAgICAgICAgICAgICAgICAgICAgICAgICAgICAgICAgICAgICAgICAgICAgICAgICAgICAgICAgICAgICAgICAgICAgICAgICAgICAgICAgICAgICAgICAgICAgICAgICAgICAgICAgICAgICAgICAgICAgICAgICAgICAgICAgICAgICAgICAgICAgICAgICAgICAgICAgICAgICAgICAgICAgICAgICAgICAgICAgICAgICAgICAgICAgICAgICAgICAgICAgICAgICAgICAgICAgICAgICAgICAgICAgICAgICAgICAgICAgICAgICAgICAgICAgICAgICAgICAgICAgICAgICAgICAgICAgICAgICAgICAgICAgICAgICAgICAgICAgICAgICAgICAgICAgICAgICAgICAgICAgICAgICAgICAgICAgICAgICAgICAgICAgICAgICAgICAgICAgICAgICAgICAgICAgICAgICAgICAgICAgICAgICAgICAgICAgICAgICAgICAgICAgICAgICAgICAgICAgICAgICAgICAgICAgICAgICAgICAgICAgICAgICAgICAgICAgICAgICAgICAgICAgICAgICAgICAgICAgICAgICAgICAgICAgICAgICAgICAgICAgICAgICAgICAgICAgICAgICAgICAgICAgICAgICAgICAgICAgICAgICAgICAgICAgICAgICAgICAgICAgICAgICAgICAgICAgICAgICAgICAgICAgICAgICAgICAgICAgICAgICAgICAgICAgICAgICAgICAgICAgICAgICAgICAgICAgICAgICAgICAgICAgICAgICAgICAgICAgICAgICAgICAgICAgICAgICAgICAgICAgICAgICAgICAgICAgICAgICAgICAgICAgICAgICAgICAgICAgICAgICAgICAgICAgICAgICAgICAgICAgICAgICAgICAgICAgICAgICAgICAgICAgICAgICAgICAgICAgICAgICAgICAgICAgICAgICAgICAgICAgICAgICAgICAgICAgICAgICAgICAgICAgICAgICAgICAgICAgICAgICAgICAgICAgICAgICAgICAgICAgICAgICAgICAgICAgICAgICAgICAgICAgICAgICAgICAgICAgICAgICAgICAgICAgICAgICAgICAgICAgICAgICAgICAgICAgICAgICAgICAgICAgICAgICAgICAgICAgICAgICAgICAgICAgICAgICAgICAgPD94cGFja2V0IGVuZD0idyI/Pv/uAA5BZG9iZQBkQAAAAAH/2wCEAAEBAQEBAQEBAQEBAQEBAQEBAQEBAQEBAQEBAQEBAQEBAQEBAQEBAQEBAQECAgICAgICAgICAgMDAwMDAwMDAwMBAQEBAQEBAQEBAQICAQICAwMDAwMDAwMDAwMDAwMDAwMDAwMDAwMDAwMDAwMDAwMDAwMDAwMDAwMDAwMDAwMDA//AABEIAKgA3AMBEQACEQEDEQH/3QAEABz/xAGiAAAABgIDAQAAAAAAAAAAAAAHCAYFBAkDCgIBAAsBAAAGAwEBAQAAAAAAAAAAAAYFBAMHAggBCQAKCxAAAgEDBAEDAwIDAwMCBgl1AQIDBBEFEgYhBxMiAAgxFEEyIxUJUUIWYSQzF1JxgRhikSVDobHwJjRyChnB0TUn4VM2gvGSokRUc0VGN0djKFVWVxqywtLi8mSDdJOEZaOzw9PjKThm83UqOTpISUpYWVpnaGlqdnd4eXqFhoeIiYqUlZaXmJmapKWmp6ipqrS1tre4ubrExcbHyMnK1NXW19jZ2uTl5ufo6er09fb3+Pn6EQACAQMCBAQDBQQEBAYGBW0BAgMRBCESBTEGACITQVEHMmEUcQhCgSORFVKhYhYzCbEkwdFDcvAX4YI0JZJTGGNE8aKyJjUZVDZFZCcKc4OTRnTC0uLyVWV1VjeEhaOzw9Pj8ykalKS0xNTk9JWltcXV5fUoR1dmOHaGlqa2xtbm9md3h5ent8fX5/dIWGh4iJiouMjY6Pg5SVlpeYmZqbnJ2en5KjpKWmp6ipqqusra6vr/2gAMAwEAAhEDEQA/AN1ZJSxFuePp/T/YcD8+9EevXuHUhSx5KkD8Hix96oaipx17qSEvYmZB+NOoKeBxfni/vxpw19arnh11LkKClU+etporD1a5V4t9b839sy3VrDma5RAPUgdbAdjRUJ651dnpaapp3LxSMdOhyvm1qPGSVIJW/wDsPboZXVHU1Qio60TTpvIlgi1jGpkZWmaNArk6FVSzSSs9xYHgAXv7uPLrX2jPXdTS1lbQxySUMdLKGYCkPiUoh4JkkYlAW+v5Nvfsjr3EVpjpojiwuPiSbM19HQi+iHwVa2m08sCYgpkI/oPfq161TjXp9wu5tn5B6mHFzxZSWgZY6rx+vwsRqALNfkj36oPDrYz59LbHZJKiV/FCYEjKFUPF1YD/AGBBt711vrqfbeEp2lrhTuRI7S1EaudEzSkF/IpuGDaQSLfUAj3ogAcMdbH8+pTCglpKiGlp4o3qYJYv0E8OpJuTouS3PvRI4U68BnrVG+TOKruu+9OztsyReKNNyVWQpkjUpD9llwK2B4heyjXIw/1x7wC592x9n5y5hsPDov1BdR5aZO4U+WT0DrhWiuJo68G6LlV5WZ1YuGYA/VSTwf68fT+vsFMkjEGnVA1PPPSWOQcz3FvTr0gA3N+Ba3K/4+3VFMfPp9AOPQh7M2zvXfMz4/ZW0M/uyuRXkkiwuPlqI6aGEjyzVddKYcdRRQlvW00yKl+fYl2DlvmDmWaSHl7ZLq9kX4vCQsq/6ZzRF+wsD8un9LNXSpPWbcfU296WQf3tzXVexIadGLDevbuw8VPGxJGr7PH5fMVl1tyPHcH8ex5D7K+414dJ2SKBT/v6eJKH7AWP8uqi0uGaoQAfMjoKslSdM4JL7w+YHQ2D0sxmiwB3bv2ZBexET4rEYqldvxfzWv7Pbb7uXNs5H1m+bbb+tPFmP/GFUfz6fW0ccXUfz6DSs+SP8vHr/IRTbt+RO8+x6endTW4XYezqHaDZOOMOXpoc7uPLZifG+RgP3VpnkUfQc3As237t9jHNC+982yzQKatHBCItY9PEkZ2T7QpPTy2oxViR8h0iN2fzaf5aG1KHIY3ZPxw3ruWomp3ghyO+O7dwVlbSu4sKulOKpaCmpKlfqhMbqp+qkexpF7Fe1sMciS7TPIxFNUl1KzCvmpUqFYeRoaenTwt0pQRmnzPRYov5rvxS3puqjwk/SeV2Bjq94aWmzuE37lN2tG5cACsxO4aRYKhtN2bwTRym1l/p7Kd39g+TLi1ZOW557HcwOwySvNCzeQkVxUBvNkIYcQDw6bez1oSgoft6s8xWMxNRgMTuLauUpslt7O42lyuIyNK+qkyOPrI/JDPCOWRrEq6HlHBU8j3ixuFte7TuF7tW52zQ39tKY5EP4WU+R8wRRlI+JSCOPRSU0GhGepNFttFSeqm8Ds/N5GsAPr9T/T2XyyowK+vVgaHpIZ2WTy+CkVZYwSspQHQnHJ1H8n2kMTBQRxPW9a+Z6BjK1NfDNNE0WiONjdiPUy3+qn6e9yeMIiuRUdJpGDNjh0Heeq2q0EKrqJDIQx4/2H1JXSfYcAlEtWrg9eRtJz8PRSt/bEztXVymljKwHUwJB45uDcXA5P49yZy7ewoFM0nXm8/PoBf7iZn+I+DQfu73tq/F7avr9P8AH2P/AKy18HxMeH616rqHDTnr/9DcEx26MjRY6lgrKinlqxGvnqZ2UF5GAOlASo0xghRa5P8AsfYL2/cdytLC1trq6E92qDXI1Ks3ngUFBwx9vn09IInldok0xVwPl1EyO56xElnq8tHSxLGxdUkRWVNSqHKglwgLi/HF/ae53LcJNVbmgOKDryoooSKr0j8hu3H0tKlf/GZZI3qXpE+1M1R5qqEBpUDLwDGhufYduJZkGtbmQtU8CePnX7OliKpxQU6i4jLw5yKetEOQaNZWhVqqJ4vNKouZFElm8Yva/wCfZFJqlLNLqYn18/29LoyAKLjowe3nlrNoxNHIfNRjQgJuQ0MltJP5up9y/wAuXH1Gy2Dsasq6T/tTT/B0S3S6Z5gOFa/t6ejjc5V07r5/sRLCQkqtpKFl/WlgBdb+zuh6TjUfPoLajq3J1cksFbvPdecjMl3go66KkpV8rFmSSVA8zJGDptf6D+vv1Bwz1og46eMf1NQ0dNHHUxQiWjctSVGUrJ654oWbXIdM8ixq7uTza/u1eGOHXgOhKw+O25gKYQQw46KY+qaSjplj8zHnUfEgVj71U9bz5dKQywsIZoXQKykfT1WuCt1HI4PF/ejwPy6t04M4EHkmmaRdPCM4jU2vx+OPdDwyet9ZaWaHSskVPEbG111SNx/jwB72DQVFK9a619f5p+w5cL3Jtre0ECLS7vwMuNqmSJFU12Kl88LOyE6nalnIF+bL7xR9+dq+m5g2reY17LmAxsf6UZqP+Mn+XQf3SGl0so4Mv8x1WRi8e9RUPDMpKt+pb8C4/BPB49wWCCR6dF5Fa46ETYewMTntxJS1xFPi6eGsymUmDiOR6GhRXejhk5MctdUOkQYC4RmI5A9ir2/5WTnbnPaeXJJGSxfVLOy4YQRDU4U+TPUIp8tRPEdKLRPGmCGugAk+tB/n4dEX/mr/ADGynxk2Bn+j+qszJjYaDbm0M92FXYO1Ic5ubfeOOcwu0aV0lAgwu0sJU0kaUZGmerqZaiYyOqW6H/QbbsO32u0bJZpb7VAgCRxjStaUqacT/SNWOSSSa9G8VXRRQKPQcAPLrUVz3fHb246qqqshvnMQmrlaR4aSqmYx6mLGMVM7tJKFvbUVW4/A9lbSS8TJQn0AH+fpSFTgI8DoP6zc+5smCuR3Ln61W5ZZcjKq3IsGvD42+h+l/dNcjGjOT+fThoOCgfz6iU0EZZGYyzG4t9xPPUD/AFrTyyXv+fdwq0rTpmRn4E46XmPq8cqBHhiiINjpiQf7H0ge7gjhTpsHNSKr01ZivHiqYqfVqVTJDIvpaOaL92CRGP6ZIpVBB/w92PcGHl1YymoxjrbK/lsb6fePxUw+Pqqieul2zlaN8cSfI0dBuTEQ5OogW59EMOWgn0r9F1G3vD77w1l9Dzps27RKAl/tqlz6yQOY6/aVK1+wdFN6NM5IHxCvVgEOO8lO7SowVwXcN6jq/wAQPxz7gfxQ7BgcDpCa+YFekZmkpqKllMCqzvfUQBdWH9Tbjn2shnp8x024JyR0WTddRVqtVURktoDs0RN9QFzf+i8/T/D2aRLHLRXHTDDSa149F3g3gkmWaOcAKXKNrNtGlrWKk3Pt+fZ4wuv/AGethj+fQlwiiydEyOYmiYcKLBvp9VJPsk1tbOQnHq3nk9Bn/dmk/vFb7aLT49OuwtbXb9f1t/j9PZn9be/R01Glf9WOrVX4vOnX/9HbNyGy6PNjHyZWtnY44T/bmjcwBXqFCLK5uS8sCj0XFgTf2Azaq2lnc6gMU/1cenBUVH4egh33u/CdNZXb2Cx3WO+eycnuPHsKKuofNlKSmiqcolJkosrUG4pFp1K1DFuXT9FyLe2HjSFiiQg0UGpJzngPn04CSctTrjt7c/d2f3LjKGl6TxW1tiU9fTSS5XIV1OK+SCokRcj48c48lPNFE9w5u0hQ/wCB9opIpWKlVAAPClP5np9aDINR0YSaaikqpsfFW0M9VBGJJaSmnheeGFm0q80UbExhmHF7Xt7RzxRzak1gsPTy+fTyPpOroR9hQSvR5OjZmYa/LGtrWWRDf/Y3X6+xbyeXjs7q1kOUkqPsYV/wjpLelTIrrwK/zHUrL4Jp9U8tbkmirAjS0wnlMEbQroEcCCSNY7j6i/J9i77ekRGeJ4dS8VStS00VDQSzUxmkZjGZiHINrlzGDpv/AInj3vJpnrw4dPr4ouuivraeIqRYeTW5t9AwZ2Y+/dbycHqTBS442pJKt6qRufSjBbfgFgAot79175dOhpoKWC1LEEAkUsbkn1Ag8n8WHurYB62B1kNZSw0hlr5Io4IWs0kpAQE/1P8Ajb8X9tVJAHW+g+yPcvWOCq/BWblpnnIOmiovJUyNpFyBHCrnUP8AWvfj3Usoxq69UdED/mJ1GA7U6Vx+48DhMnq2lnaTI/xaroJ6Xx0msUtdADNGhZZYKkG35C+4a99LD6zk1byOEmS1uEetOC/C4/MH+XRXui6oEkAyrf4eqSliSlISFWBaxBa9z/gG/AI/r7w8Z34KtOiMsABinRe/l9N2PSfFX5DV3Uu/c31z2Ht3q3cW98JuDbUNNLmKmPZFDUbiyW2Y3qUeOmp9w0NI8csyDyoEXT9T7lz2GliX3LtrWckC5sLlAeHcAjrn56TjzHS7an0XhFAQUalfX/P1QP8AOegzOU2lvypze6arez5347fEjvTDbqyNU1bk9wR5HYWBgyWSq6vw0qVFbNJeOpZIo42lQ6FsATmzBI8u2gyMWlQsp+1WIp+wdHBULKnlX9nVLRJv9R/vP+39pKkmnn0+AAOuJYr9OW+n+tf88fX3ZRQjPVqV48OpUFTpb62PGm4/24v9Ra/t3hXptkqOpkuZoaS33VXSwk8hZaiOJmt9bLIwJ/1x73XIPn0mMTZAFelPtLam/uxKn7Hr/r3sDsGsnNoabZWx907olkvcjwnDYqsR1Cg86rWH19+1UB9OveFWhrkdbEn8mfd81T1luza8j6Z6Cgp2MEupJI6jA7jyGNqIXjf1JJBBXKrqQCCOfeOn3j7JX2Xk3dSuY7qeAn5OgkUfmVPRduitrhYcMj/L1dIanJTiSyqY1/CDTwOLkk2I94l61QGvHpDSgHSO3ClRJThP2gVN38aks6H6oeLcf7f2/E4QEmtOmmGrFKdF27ApqmChmlo4GZpEYONNlIsQ178mw/p7XWt4xccadMstCAT0QDcOOr6LNyZENMdbESRKQAikn+vDW9j2yljngCOPLqjaRilOlnt/dlcsccRBLchdX9eRYm/Fx/t/ZfdbVAzagOq6/I9OH8TzP3/3frta1uLaPpo/pp/4j3v6KPwvDr/m69rPp1//0twPLGehTKpjqaKWvpIMi+OiluY6itjhlloYJgCLRzVAVTbmx9g+dWiaZVHepNPt8unRkceijy5v5MzU1NU71rNldaYbJ4evw0tbj8lSxS0O88zVxwbQNPLVQzS1DOsvikjXjz303Fj7QOZqAu9AaAcBk/z/AM3VqqMkHrlmOs945ml/hHZXeWWxtfBSU65FNlw1NBVwZ1oqR556CsqWbXi4YYG0hkJ1Tkn6KPaaSFQ7eLICR5ZP2/kPX59WDU4LnoR+nultj7CD7k2pl90ZuqzWHoMXV1+4crNXzZKnxReOlq6pJeRVlS2p+NV7nn2wI1ajKfL7B/q4dOqejO7Lkmo8wY2bSk8DL/W5jOoD/bH2dcvyGO/kjJw6fzHVbgAorDyP+HpU5nLrQiKnakq6gmqmMU0EKyxU7W1L9wzkKgk+gJuPY1GeA8ukRoPLpvwddBkIaioySVtJMjtG1Mh1hkB9LJIgSMBrfg+/EU6qM1rx6fqc0UgZcdjXnnW/qmmFwD9GYgsef9f37qw4YHTrQpXhmFTTU8RUagsNiQD/AKok3v79171r09LSz1kcscKqrhQbsdKBrgjkjn3o8DTrw+3qNUbGp87RTY7OOaiiqdJlp4mZUlFiCjOhVyjA2NiOPdQuKMOtnpE4/qiWjrKiPGYbb2Go4ZB9tUrRwzVlWDfW0rmPWgFh/aLN+T70A/kAOvUHST+QHTE+/wDpveO1qrLNT+bDVUiJSxxxLLUwxGWJHZ7sVeaIc8WBt7DfN2y/v/lreNodyDNAwBHHUBUfzA6Yuo/Gt5Y6+VfzGetYjNPHCDTmJY6ileWnlitzHUU8jQzL/X/ORke8AJYnQaZFoykqfkQaH+Y6CRcUrxPTJhdp4netVUbY3bkZcFszd+I3Fs3dWcGPlzM2E29u3AZPA5fMRYWCSKoyr42kr2mFMjo82jSGF7+xj7cXI233A5MvWYLGL9EY+iyhozX5dwrjp+xdkvLY04tT9tR1ra/JXr/P7P2ZsbrPee4sFvTJdefELe3x7qty7QilOE3Diuk66bP7BqcbBNT0dYav+5uSiMyzKZVqQ8RdwgY592qR6b+GKQOhkJBFfxDPHjkccV6EkhI0swyD/q/Mdcul/wDhPj8uOz9qdd7+3Z3T8a+ttldm7S21vLbGRp89vDszK1GH3Xtyi3PiGqsbtPblNQ0VZNja1dcTVZ8UoKMwIPtIgDqG/Cf8n7elORgDo4+xf+E63T1HIaftX5b9t7jyEMqRVWO606g2pszHVcpcqaXHZvfm5MxVKs4X9uX7dyUOq3FvbgUAcc/6v9XDr2fy6ObsP+SR/LY2XTUc+S6p7G7cyESSMtT2l3LuvKUMtVGLiOfbnXGN2ljZFuvqvUEcGxNr+7U+f+r+XXqfM9HL2V8P/h51MaOfrT4q/HfZ0sn28ceWoOuds57JyMFKzLFlt8S72zklUjqSGBDKF+v197FKYPXqDo93XuXmwOR27PQJT4ejFDTaqLC0dNg6eWPFZOlqjGKXG0mNhQzUpcEGJByeLe6niOtjrT++CsFb0/8AN35a9NZWiq8Qu2e9e6sBBi6pVjqqXH5HL12bxMFRGjsnkSCkQ+klT9R9fcQe/tkbr2s3W5A77O9tph8l1mNv5P0VbglVU+hH+UdXfR72xptTQRlDEBrlc3V1+lhb6Mb+8CY3kkerU6LKca8Om/I7mxSO8oePxqPUrEHUx+q/65/2/s2tomemr4em3wpPn0Xjsfe0TMtNFAgiqiVXg/qP0OoDg/1/w9msFrIxVY14dI3/AKR6AObaUmWkeqq4bLIToAUkWP0vxb1D2LbVxbqK0wOmGIPDh1mfrFYaU1VIEZkBcoo02Nv9b6ge7vfau0CnVCaHPHpG/Z5H7j7f7I6vpbUdNr2/Vb214jUpq7erV6//09yzOYSQ171JnWFZ40eyi51KLMb/AI59h/cYCLhpAaKwr1ZSQv2dITdOytv7vwtXtzcMX32Nq5aOaRAwSWOqoKyCuo6mll5ennhqqdGV1sw5F/ZVJEkg0sPz88enVgT6dQKuu2BLWz5HIfb5DIRKaKeWaCaUqaH9cQQjQZLpyRyxA9tO1sWMjULcP2dbqT0taWaiko6WWhhihpp4o5adFQQftygMg8QA0XvyD704QgBVGmnTsYJyD29SKOqkpsnRyFQoWoQE/wBmznQbMfra/uto4hv7eSlBrp+Rx1aQVRwMDoRK6RA9RE7hVqIUlXkXLILNa4P00+x559IukVFm8d5zFHOXMfpkBWR3ck206pLIDccW979TTHVfPp6pMvHTpLUCGZEDBWV2I0AXH6Y9K3sf68e/UPl1utPLqbBu9pZHjgaONhpIVAodoxexa2phz+SeffqHj1qo9OlFiclPUVAfVL6yVdrMF02+g1G/+8C/vQ/l1bB6XtJV1IpSIFjkmjYxgSMQnB4J+p4H4/PutTQgDPW+sU9TlGDCWsSn/wBpgjAKf4a3PvVWzq49e6Zp8RR5anqIq+pq6uOohlheOSRijLIhBBWOy8+9MFYGvn/Pr1AcHh1qbfJzEL1j8ie0diqppqWk3C+WxEMgYBMTnYxXUwQtclVlaQX5Fxb3gzz5tH7m5t32xjSkHjeIg/oyDUKfYa9Ay6j8C5ljpiuPzz0idu7hjSajZ5wnhq6fyAgcxNKiTE3/AFAws3HsEw3E1nfWF8TQwXEcmP6Eisf5DppHZJI5B+Fgf2Hqlz5k7bpsP2dh6aWJTjYO2XxsjsoV/wCHb82zuDbFTTzBv+UapkooCV+jMB76PbbKj3Nwyf2Uih1+w0YfyPQzuADqZeBz+3q6j+WpuXK7t/lxfF/cWbrZ5KraG1z11lDO6yLDVdQ773P1zV1DMv8Am1jx2Op0Cn1eNQW9pLa3nhur+WSYmJ5exfJQPP7Senw6tFCAvcFyfn0a+XbePy+XqK+PKZ2e03ko6PbeIAkpn8ZSo15eSjmmkNQ7G5DLoB9Fre11Pn1qp6DYY+TEVVbgq/MRRZKkqq2iloJ8dntz7lpaswJWULrSEVdOiQYuUav2vFJq9JuD71p69XoUdgR0VHRZKRt3VdAsNQMfLTbk24uPqKOWmWOYricUUgjiWaOrBJRGLD62II97APlXrXQgUr4Na2mqfv8AceTqZ3koqSuqKF6HDR1GRhenRnQw0q3lsFVrPYke9kECpHXvOnWqf8iKR+oP55HfkjH7XG9ozdM9t0cTKsUEq7z2ngsXmJ1v+uOXIVVSXP1Lg+wrz7tv745A5423TVpNtlYD+lEPFFPnVekN8tYX9QP8FD0d7tLd1Fsmqro3yFNHVUsjxzQJIgdCrFS0ka+qNLj6tYD3zetfBuRFoIDMAfsqK59Og6JhqKlhUfP16LhTdyZHPZdKOklZKQvpa0ZaUyFiDbVe4J+ptx7G9rtixQh3XI600wOKdGU25tg5+lSqrFadmVZDrjJOr6rYEDSePr/T2xcXAtq6CB0ky1c9CNi9nUUalZaVm+vpb0r/ALAHiwt+Pp7QDdJJJKE0/wAvXimkcc9IveFSuApaiOGjQDQ4CKAQNP8AaJ/oPZpEfqArLg9UoOHl0Sz+/wB/v8Pt/Guu/wDm9a/6q9tN7arezv8Ad7+BXrdMfLr/1Nz/AHHI89LBNoKrHIUYg3Yq9rf7yPZbuEeqGOQj4T1scekZYKVZAQv4ZTc/X9TKeeLeyQjP+bj07U59ei67+332liq7ceK2N1jSZCqwWfxKY6rqYPv6XcOJzeKWspaskeFMe5zRlirJAzfaxxg8lvaOYzBiIoRhvSuDw+yua+nW1pXuPQhdQv2hJhcsO1oKKPLplQuMNG9No+waliaoEYpVWNKOOvaRaYN+6YFVn5PtsJJ3eLk1xw4fl8+Hy6dUg1UA8OhGyldFjqZ6yZ7pAAYl4ZnkUgqi25YsQPaDdb+22mzk3G7cBIx2/wBJuIH+x6dPxRNO6xqO4/y+fSzpp8rX4TE5TKxRQTSyPaNV0lKWVQ0Ql1W0uQLkfj2LeWrnd7zabW73uFIr2UFgi17UJqmqvBitCw4Dh0iukhjmeO3cmNTSp9fOny8ukxJtqWoyT1EeSjp4RMssCU8H3FSWHLF2sw1Ejj+nsQhqDIz0lPUii2XvCaurDAZaykmlVoJMk+gCNiDKBFyLn8ce9grjGet0Pp0qI+q696gVVfnjRqGU+ClCKoCm4Q3K3QEf09+1+VOtU+dB0I1Ji6OlCo9TU1WkAaYlKqbW+pGkfj3oIzHCnq1fn0p6Z4oVCR0zQqxDBibljwDfgc+9MpQZ4dbBr1groZWlVgqmNxdv06h/XliQPbTKdVQOPVuuFNQ1LMChVUVuLvdeD+QLDn34RluHWiada5f84bqyv2t3R152hR04lpN7YGu2xkJYIxGEyODcZGgadlsp10dRIqX59NufeN3vds/g7ns+8KvbPG0TH+knctftUkDoObzGVnjkA+Jf8HVQ9bls7SQzJFTMS8TqrXNhdSNWpT6iL+4BubYSJKikZUj+Xl0UU4g+fROf5g1CZcHLvWBf2pto7J7Jp5JLXFdtbK4KvqNDj9E4j+7Uj62uD7zp5JvxfbLyrfBsT2EVftCBD+epT0M0/UtYJKcYh/L/AIrqwn+TTvyas+PfePUdJTx5Kt6t+UvaeTxNPJIGBxvc22dq9q7axIokS6UlTX1ldHF6rSOx08k+xZINMsoHCtf2jq0JqgHoervKjpvtDHUlPVb83ltnrigqgoMeUr8RhXgmWiFdUUij/c1WvU0lJqeWJP3IkQkgBWtcIPWvTv2DrhhOtOscu+Gqm31vnsCl3DL4cbn9k7J3VnNq1jReaOVp9yV7Y7Fw09LUU/glkmhtGzIQGQ6hsIDQjr1DkHp4ioNg4ihifB9cY6HOEOsmK7V7MwmAraaNZcitPNWYTY4rMhTvWR4954YZP3JIjyFbg20Dz49bpxr0ZjDv1nmuut157r/ZWIkGOxc1M/8AeDalVRCprFoaWvnrMfJllevqselHM01HXQsoZ0Vh9CPdXFFYU8uvAHUoPn1o7/zqNu0XXn8yT4hdoBpXj7C6Cye0MjIHaOWvbqbsLMiMGZbWqZMLV04Di7LcEfj22sS3EdxbOOyaGSM/MOpU/wAj0nn0hKv8AIrT0/FT8q9btnQey+nN09PHA4LrPr+n2vvnZdRQRxttnD5CsrcfvDbjLNJkMrXUtTk8jUSxZPVLI8rMzf0/EOcs7Ps+3bK+zWGzW0VsqPEB4aljgoSzsC7H1JOepq5i5W2WwNnYWFuI7AxIaD+FwCCx4sTXJapPWnhs/rLFbXz+TxJx4NTtzO5jb0yspYrNgctWYiUgvdtZNFcg+8VWlMHiWx4xsy/7yxXP7OsYJkaGaaBuKSMn+8sV/wAnR1Nt09HBQIEp1iCgXVlAL6fpe36rE/7D2Hb95H1nR1VSM56l5PXpLUxRJAL2YWNj9VFvx7JYEZpVVsCvT1RTPRet+42vrKOeSallctr0ouooAeAb/m/9PY228CABjw+fTDDODjolH+izcH97v4t/D/29XktY6fFqvq+ltX4t7E37wg8HR4gr/qx17yp59f/V3Va2kaajqIdJJK6lsp/UhBWx5I+ntOU8SN468R144z0lEwtXIQ32wQcepzpFh/tI5Jv7LBt85pwHW9RpQHHTjFgrkGepZOCoSFT+n8i/J/2/u67ZnvmOPTrYNBw6dqfA44aWMbzEWsJHZhcf7SLD2/Ht1qtG0aifXr2pvXrnkcDhqx6B61qeGKgl86QXQJKwsVEq8lwrC9vaHdOXds3iXbJL6LUlrN4iqMKXHDWPxAcaHFR07DcSwCURtQuKE+dPl09GuxNbDUU58dXFSxpNJBHax0tZT+QLE+z/AIkVGa9J8cOlBRQGJEMFFQ0iFVYMVDvZhcEn6A2Pt8W5/E4/LqtacOpz1MMat9xkR6eWSEhdIA/1Kcrf24IFrwr1qpPUM5XHJ4mjilnEgYiWT0KNP5Yvbkn3cRUrSg69/g66izLmUaqdVpiLXh/clJ4Itp4tY+7FBQ5z1rp+Ll4I5QHUag2lwQyq3HI/23tPIlQy+fWwaHrFU12hYU+0kqmJtdXCIlh/bZvwfaWuK+fTnXOCurrgaKanhuNSLeSQ/wCxNgD7tnr2Oq6v5oexKXfnx4nzK0/krdkZrG7hhlABkSGGYUtYFsCQr0tQbj8ge4q947E3XJd3dItZbWRJR9gOlv5Hou3OMPbq1PhP+HHWtPm8VFN+xAzMt/3XX1HSOD9BYC3vDn61mOfI9EugUz0Wr5gbKjz3U+1qUgskuA3ZtN2WPyKVqaDK0mOBjHEsjzV0VjxyBf6e8tvZvcxd8kbVU99peTQn5KHDoP2P0INvJexjH8LEfZ5j/D1F/kY71i/0k/JTate7QVW8ul/jL3k5Enjklrdj5ncvTW6aVVFi0sCZKjZ250kL9OPc13Sjxz6Mv+x/g6dhqA48wetsHfm79uYD489e7037Ub9qZaTdOyNuY2LrjYtL2TvzO73z2er9pYHb2M2tkAaaQ7jdBHVV81RSQ0cTGWaojjLH34P2o/qB/q/l0pOHYAVHRcsN8k+tMjtTsfsb/Rv3Fl9qbN3ntfEdkZjtLu/rWkwm19u7421ncx1LuDbdB1buvde1sriOzO14Kbr+Pb9FX/eR5mpVq4xU0LX8W8uq/sp0VzrX5jdm7qoty57qT4vbO6o2Ues89tPamV6w2LsXtyo6J712Hhc9kO2Zu6u0N27oxktfQ9FUW0ci8GCxW2qqmy00klKa2qnoKpvegXIwMcPz8utEqMs3Rhvg/wB49wb47d7YwffGf7Nw23tz9eb8h66xvePbXXm6MfuLbezN37ah2t3tsbHbXwWysH1ltbtDr7fqh8b9stO8lCpheTQx9tSXFvA5FxdRx4PxOoxjNCQRStK8OlNtaXt8FO37fcXHcAPCikkqfIditUn0Getdv/hQ3S7VfC/CntXDZfFZir68+RO6evspJg6oZRKLBdibWw1ZFJUZCjSfGLBLltt1CW8+sluFIufZbte/7LfX4tLDcop7qMamCEsAKhcsBp4+QNej7f8AkPnLYNpi3fmHlm6struJDHG86iMu+kvQRswlppBOooF8q1oOtjn+U32y+9vh10NnK6tWryeNoZdrVMrSaphV7WyVVh7OgNwkcFLGpve49gdythuu52x4JdvQedCdQp+3qV28Tdth2LcFyz7bEWxiqLoyfXt6ri+a3SB6E+TW/qZ6ZodsdlZKv7R2PWCJ1pqnG7lrGqM7jYpyNE1bt/cMk0U4BuqSxG1mHvFf3C2eXl/mzcotJ+jumM8JzQo5qy19Y3qrfaOsX+a7E2G9XJz4E5MqH7T3rx4q9fnpZT0Wz+8BiVEiYoy2CNJ6VH9Lf6oH2CmcFR2k9B1QDnj0ssRVCthR5mDSEgFiRyD+V/oLe2WTgQoBPT3n8ul62MxVXj9EkMTll4PB1X/Nv6n3dZmiFCerU+Wekd/dHFfeavt4P0W8Xp1ab6b3tbV/h7S/Vnxq+J28evUxTz6//9bdxnrKWjheSonip6ZfS0sh/tN+lb/glvp7aSoNKdbPSMqd6YCEskTT1rq1rxIVjDfSxd9IP1/Ht8KTw6rUdMldvHNSwSHCYIVMypeGMuxeZv8AUeQgRJwfqT78VoDkV61X9nTRiV7QzEssmeix+Co9CimpqKqapqGY8uahlUKqheAB7rSgz8XVvy6V9HtR3IatrZ5mPLclTz+ASSbe/dapXj0rsdhqLHiRaemUPUxPTSSMxLFXRityfr6/evLrwFOHT5FH99hFWR1Roo/3JGfxpGadirGR+AqLb8nj2ZK1Qreo6pwJr0nafIbeFfS0kGap3nqy5Wno42lWskgj8rqs7iztpBIt+oe3THKFLGM6R1UMhICtnpK7p7I2vtyopKGbFZGtzGRo6l8dRz/tQtWRm0WNqH5WGrqmsEUgLzckAe3YraSQE6gFB/1U6q0gqBQkkeePyPTPU9k56faQyGOwVXicpQwTyZHGmKKISVqwCWlx1LUyPGoEoYKHJUXBvx7cFtGJSrOGWmKH/N1QuxUUBB8/8gFelT05unMbmwlYc5TVVFk5I4K6bH1UsdVJi2q4lkOParp70s8lPIGUmNmHH19p7yIIUKig/wBX+rHVonLA6hnB/wBjoWUbyROjA3tcWPPHPB/r7KCKE+vSn06iwt+5f/Yc3djYj63sv1H+w9+690g+5Nk/3/6y3ltV6cyrlsHX0yB7hfJLTSKjDjSNLm4J+nsq3zbl3fZ9y2xx2zwOn5sCB/PpqaPxIZY6cR1q77B+Mfcvc+cy+A612lJV/wB18vPg9zZ7J1tPgtp4OvpJXjNJlNw1143rJI01inpo6io0sCUAYE4E8vcl8z8wXd5Y7XtpdraUxyyOwjhjZSRRpGxqNKhVDNTyFeiWysL3cWZbSHUF4scKPz8z8gCeg6+avRc/xxTo7rntnP4jKydt7tzEW3c1tuhy0GBxud23jsdlcpteqyWWhpxVZSooyaiHxoomhhkZRwfeS/t1sN9ydY7xtF7ewzGaZJ08MOAhCeHItWA1EkKagU6k7l3kPcYbW4murqF4WcGiEkg0zWvkfI+oIp1Tz/LBy0PTf8wXb2y9wVsmOosltn5l/HzN66auyM1bXYOuxnbHW+Oio8RR5Cvq6ypqdvu8CRRMTqJNluRNe57laWG2w7reM4tgqg6UZ2q1AAFQFjU+g+2nRPsfLu68xcwf1d2iKJtzfWVEssUEYEYLOzSzOkahVBPcwJ4KCcdbbu987ujfHxE7l2ztvrXsuuyuHpZt90O5Mzt6hwuHxQ27l9s9jUIp9vz5ap31uyCspsHVUz0OMxMuRqaOpcU0bSlV9kY5jv7uzkl2bla9kkSukzhbeNvMZdvEpnNEJpXHQ5Pt9sW13ttBzd7o7FbQsQJBYvLucyUNG7YIxBqFMapwtSKmgzTptzrzrPPfHyLbfRq9N0/xpnpNy7v6S6966q+1969Yb+yvSR7f7J3HuKth3C83Y/aeP6wzu6J4aR8jFiqyl3LWUlDisVJlsdLDCXyp7j3cUyRTbNYGnYwEtzSla1BKVxQg0A+WD0aQSfd62mS0lmtOb99QEmSMtabYrYFAGUTumaggEnHGhHQo7y2xltk9X4PbvSUWCx/V20ejB8uOsO299drVPWuH+OeweyuqsD2h232MNrZHYWVHcu4avcG4K+gzGIh3IXq8bXyxVuQgr65KcPScq316jpuvOO5ykkFRCyWyLwJqI1qymnAn4WYEnB6Txe5mxbRJC/KntBy3ahQQz3iT7nK+GAYNcyhI3GoGqR0LorAAFl6Gz4Rbs66rO+fjBuBNudJ9b9OfJ3rLI47pX46ZDpgP3Z2HvajXfG5KXvXc2c3Pt+t7Cg6lrdgbWhyGHO4aLbeHx0tX9lBLkDFFLOusOUuVtvMb22ywF6ka5AZZHJJpVpNRI9PIUHRVvPu17m75HJDe863kdpQUhtitpCoApRY7ZYwvz4k9Fm/4US9fTVv8v/5CJjaNXbp/tbqTs/C0lLFHT0tDS4ff0m38lUQU1OkdPTLFiN5hSyILKAPp7PkjigBSCFEjDYCqFH7AB69R7czXF3N9Td3Ms1wyiryOzsf9s5J8vXpj/kJd5S5TpHeXX8tePLtDs6bN46N3Sy4bsDDYnclP47ksscVS063HF/cZ85q9rzDLMhosqI/50of8HWQvt40W4cj2cci6mglmhP2A60H7HNOtiL5L9E7X+WvTcmzqow0W/duRz7m6x3VJGZThN1pR+KShqDGVlmwG6aWMUdbB/Ro5VGuMH2Fuadit+cdjNm407lFV4JP4ZKZU04pIBpYeulhw6jTmrlcbjDNakqsgcmI+aP5V4dprpfNKHhqApq85qkeMyY+vonxuTx9TVY3JUU+pamiyVBUS0ddRzBgCJqarheNhYX0+8XkDB2ili0spoR5gg0IPzBFOsfijxs8bppmQlWHmGU0IP546dNsUuQpZo2hnkkT+1HJ6kI4+mr+nvV1Zp4ZeN6dWViTQjod8dJG9MqSiJJSupSrE3NvqoP0v7KHqx0MOnR5kEk+nSa8s/wDGPFY+LRa/H11fX/Wt7a+gNPEr2V6t5cOv/9fdezWCWsxVdDM5lIh+4VQ5jUPTfuqWccqq6Tc/09pySlWHEdWUKWUN8JPQO9Zbr6+3xW7nxO2dz7N3dm9p1VIu4aTa+Ups02AjyEUz0NPkngkkSGrnenk4PN1I+o9t2l9BeGdIrmN5IyNQRg2mvDVTzNOjjeOX912WPb7jcNpura1ulYwtNG0YlCEBmj1AalFRUj1HQmyVNXTpJ4cR9rFHKI1qMnLHSQuukl5Y41JkaNDYD8n2sx0R8OA6yU+bMXoqZ4a2WUI0EGJppZdIPNmlPBJve5Pv3Xq/PpQY6onqA7TUMtGONPnZTIw/qQtwvv3Vh9nT4EYxlrqun1Afm6G/H49+691hp6daqHM4hyGhqop0H9NFfAwsAP7Pkb2sgb9MU4qf9kdUYV48D0VHD7O3PgN71u7XzuYFPUnCYqh2lkJ6A7cwVRhKupjqMvh6OkgWuasylNUaJ2mnMfjjWyrY3O2eOQN3khlGPIeufU8D8gOkoDLnPkPlUenTDRdeybl7eyeW3Nka2unpNe/dnSJkSMdnMhRXx2QjNBfTTwwQgKUIIDWdRf3VnVIUKrgUFPSoof2/7I68AdTD8VSa+pH+CnDp13lviswU0++67G11PsqhrBR7rGbqCY8pkptC45Nv49AZPvmmcoyEh3uiDkj34IqL4ZcawpII4gf7Pp+XXtQNXIOmuakUP+UU6G3Ze5squ8UpcxksNSYbceOgl2jtylo3hzECwxLNVyZSZmKl2Eg/bN3jKkH2kmiHhEqrF1PcT/q/1efV1Y66MwAIwKZ+dehp0yRzOAt9LEWuLEE/Qn+lj7J5MPX1HSkcOvJUxwuUbwQP/T9ch+t/qD+Pdft631JNZSyJLFI5cSI0bKxsLOLfoFyfr71UevXhx6qXyfc2E6T7B3l1pRQQ4Gnxu4q/MCExmkjrqncUpzGQzBP6ZarJVEvqksS4RV+i2EIXl02w7juu32cQSEXDPTgCZKOz/wCmYnJ86D06yH9v+UNr3PkraLiJVMrGXxKUJ8TxGBDedVBGDwBxx6pu/n+9w4bdHwLo97x19Im5uufkZ0HvHac0MyLkI6w7mrdvZaCjljPljatwWamSdVIEkY9VwPajZ7+Tcd1TxK6ijj/jNa/tHQgu9nj5f26cRVEetASeGWAp+fl1r0dM9rptD59dJ9y/cR0tB/sznxp7KzdTSssHlwPcGAqeo95RyspVVeprs4wqDwGJJP19zBYysdotnB7kIB+wNT/L1jTzLDGm+36FAYmlrQ5GaH/D1vmdB0TVuN7L65q1liqs7tnL4upqaKulxldTvUwbi2AJKbKU01NWY6sxn8VgkhqI5I5adgro6soIWLUiYEnV/sU/ydF9AqJRQAD/ALPVIqbX7W6o6z652DnflFBjcVtDDfGDqDvnvn4e9T9hZj5H7byH+kPdmSymOeoyVFTUexd59nbo8OIz248PAMnNuukjy2UoqRK0wV9O4KtSF4ZpUfsp5+uc1wOr0rXif9X+r8uk91JvfD7o7eXcPyO3bh+59kfHr5I7N+FPXHT/AFVsyDp/bOxoe5lp5ti0u5dqbh3BX9c/L7B7D3Dm6xN8bc3VSnIYXd9DNk6CWanX7Va1BNGI0A0IHzpQEGlfIkChHA9epTIrX1/zEf7PXvi78gu0sz3L8fsvurE43pfcvyB+U/TWT67m7Sz2A3Hh+5Nm7h3Lu3bfaG/eqp6WqbeuXwG4MfisZidqY2OTCf3exEsEtTiJsbU2i3qySBmoArSnGmD5imABj8urUxQn1/1fbXqwX+bd1Yezvjn8xuvKeB2ffPxs3/U4lJEWSU5fGbSfdlC1gNL1MGV2atrD9fv0mGenoD+z/iumj8CGmc/yPWrT/Ie39uMbmqKTGZHHU1LnOqNoZjMyVbuZpa3aeVq8A6UNMpUSTfbSKZGJsoUDm/sC8/WrTfuy4UgMY2WvzUgj/D1NXtHucUG379tsys1LiORQPIOhQk/mop1vTdIbtjzFCi0tVI7wxQeSaoIDTsUW8kegBUCOLAfgHk+wntTtQxhjVfM8T0b8126RlJ9IAY40/h+R/wBXHqg7+YH1tXdZ/LDe8Ph+zwHZv2/Z+1agKq01WMzopd00sGkAI+K3HTyq6kAjzKfob+4C502391c1biGXTFcnxk9CG+ID/SvUH7esZ+crL6Xfrm4Rf0LoCVTjiRpkGPRxX/bA9F4x33MEatJIFiA0mwHAtzb6n2G5UDJha9BcefShxm4qSKo+2klViTpRjwQP6f4KPre/sPTRVbCdOA+fl0qfvqL/AIE/t3tp1W/Fr6r/ANPbvhnwdP4q9b86df/Q3hI67FxyR6jLOhJWRdNleOQFJVa/Gl0JHtntBFQT69acFkYDjTrXx+Ie4Yfj5/Nc+QvxzoKCkw+2uxMBujJYimgRYYpKrDz02+cLOVCqJKiWjyNZEDydIt7i7lcnaeed42gKFgnjen2ofEX86Fh1m/7uqee/us+2fuDLI0m57VdxwSMTUhJA1s4+zUkbfb1eMUmepm+4o6NIUd5BW5bItVSNCX4MNIpPj5+l/crjyJ6wfJr5dZ2cVOqGmkr5ovG5H2FOKGnZS4ARZyFN1HAt+Pfut/Z09UWTipovDXlKZ4rJFAspqqjQFBDTaQSXIHv3XuFB0q6NlqIhIqssbqD610sb/wBVJuLg+/db67gtBX07C4E8L07f4yQPdCf8dB/3j2otzll8qV6qw4HotG4tvV+J7k39uSLaedraSXZ2E/hOVoa7zYqWorKt1zVIuNqZPDSZVIgpaVVCSRC19Rt7OYXDQojSUzTJ8hnA8iPXzHSVl0ySkIeGCPn0lq3ee9cE25OwKHbmz6ui2FDNBtzbNTmTR596OWkjfOV25ayRJYqKlaX9yJeCsYJb8D260YKPGxYlhWo4Y9TwHy86cetVYEFVXGAPP55/ydOO26yh/g9buXsOppMjlN1Yyq31tradLoyW3KSix9MszthZVEkVZUqZQ/lADyOylRce6uGqqQ0CrQE+dP8AKPn1saQKvlqEgeWPMfP7eHTB1z2dkM9DgsxLt2t21VVm68fSYgbupFocpLhq01CSS08ambwSTRxhlR9IJJ5v728YZWJB00OPn5YHA0zQ9eB4EcSRx/n9v5dHznUCVX1cOo5H0JAHI/1wfYelGAR5HpWvmOodVRNVShooTq0i72sGb6XvexsfbRHW+mwpTw1DLP6HB5uxsOR/ZjBIuR+fdcVp17qmL+Zr1vFX7y2DubF0eW+6ykVTiIqvB0lRJXvXIPuKaJIKZJXr43CveN1JH6lIsfcGe68t3tO5bLuVtZmezuAYpEAOvWMoyEAkNSoKkFW+VK9CXlT3A3rkHcZDYW4udru6GW3Nal1FBJEwB0yacEEFXFNXAHrXB+fHxn727y2/1/03XIaPZGW7E2xl9118taId3YbFYaaarh3DFsetNNXZnG0UwtUvTGWSmV/I6aFJBLy1vltb7zYQXttc2bzOEVp4iqkuCAmvKgsaAAkVPDqZN09y9m5g2S/ik26+tL3ww0YuIisbSAghBKupA+O0Np1eWcdUxd67Um603EMVCalXwnX+fraaS6h5avp/e2H7GwXhn411IhVrcmxtbj3PmyBjt24Wr/GrNx+yv+TqAt4kee6a4cdzHPX0EPjfvik3Bu7bm7KOsaOLsTbEG96PSYy81FvXZuC7AxUSMSVEsEsJcKAy6r+ze3OplYH4k/zHpKMow+w/5Oqr+1Kij63+UPcu3sb01RbY2lmt/fI6ffue2J8eMXuLpzcWwf8ASrsPCb32t3121vfdOe3HDv7u6n3zDuCKLGrtyKOpipoqWoNM2mPVEDMgArU1Hca5ya6u2hzgY9eHV6nSvE/PA/LhmvSSpdkb7r91b16+2JguxOp6/rPYuT2j03070LL/ALMZtLbPV/RH33Y3SmX3EgxW0esc3svuPtPbmSpsPhMVl5stioNu1FHhcvR1lNF962SRVRUU8jQnGSSFFR6Akk/M0PVqGv58eFP24+3FMjo1G0/iL8jc/wBhdxJV9M7h2ntDMdd7VxPV1Vn/AJGY/N7Cwm8qnsem372FgNr4HP4DI7rwPU1JuimfcWP+1hetzUWS/hUlVBTU80fu9GbHhtQAkVpSp8gaVHzOSRgEdaqqmusfz/mP9VOPVknyk2tTZY7fkrqqmfHZzFZHYVZBkWpKTN5GLMw1mMqcrNh4raKT+F5hzUNGoghkkCL6SLbkFGjr6Ef5emh8LDzr/h60EP5MNBVbL+VEnU5eA1u0N89z9U1iVs7x+NcDnGnijJCvIZo3onKoQNQvz7DHN8ZfZbOWvdHOBX/TqR/hp0PvbW4EO87rAxOmWzLY9Y2Vv8BPW/P0nRU2KENP9207qUjkVI/t6dWur2VbtJIb/wCqPPuPrQqjhdRJrThQf5+pE3lZZ4NQSgpxrU8KfYOgu/mb/H//AEndE4vszB4563dPSuQn3I5p42asq9iZiOKj3lRoqKZJ1xxjp8gkQ+hgkb+vsMe6PL5vdij3e3i1T2ZLH18JsP8Abpw1PkeoS5ss2vttchaz2jF1pxKEUkHzxRv9r1QOIJoYNQk8kBAI0tqPI4e4+oC/T+vuALU6ge6vUVn9vQe1MdVTVs1cPKE8hsn00qL8/wCGr6n3aSIEsdPWv8PT7/eaL7P+15NH09X6vppvf6W/2N/aXwvP5/5Ot/KuOv/R3fFp6fQFEKgj6Bjcfn8fnj2ya+Y631UF8l/jdNQfP7rb5dYfc9Dgf7h7W2xnc/t4UPlrd60UeRn2ZnYhVK6rTUVJi8reY2Juqn6ewLuW0vHzXacwRzhBCEZlplwSY2/IA56yT5L9xUPsZzR7S3e1mcbhdSeDNqoLZwonTt82Z4+35E9Wk5JBT1mumlxtOavxsZmp5KuunjIsDDGLx6CQDf6Ac+5AOGK+nWNAIKqSM06ULYaKdQ1RUVMqNpbwrIYoQwA5VEtYEj6fj37q1K8enKGno6d9fggVjpDTMFDG3ALOw9RAHv3W+n2mNO7+MTRmQIHKK2ohbnnji3v3XusWSCxRiZb6oJ4ZxYcaC3jkvb8aT7vGwWRD8/8ADjrR4Y6DDt6CoeiwtZS7jyuC11UlNPDi4o3/AImnhM0K1DujCBKOQeQMPr9CCCfZzaCsjLoBxXPl9nSeUYUhiBX9v+rj0AOQxmwd4Y7I7orpLUdLSwz7gq8O6ZXHbtoYY1hBqhStMsviaJo3up0MGBUnj2tq8ZEY0shPn5f5/wDUOmyFIZicUzTOr7af5Ose3KHKtjsTLHS4qHH4E68TtxIHXIQbXz+oJQ0scbCOKWmRtQVdDIV+hvb3t9A7ciuKjhUZz/sdeoRQ0GM086HHS9w22cpnN4VWPyuMy1TgsXgYxgK6uo1hp6epebyQwU04dXElMS+vSACSDf6+08kwWINGyh2NWA8/n/nHVgpZqMDSmCQMf7PRo6aKeHF0SVbFp4Io0lduNRChCSTxc2+nsnloxenDpQuD1OhqtCBSCSDaygg2P+x5tf2kr1frtKOB5Hnan1M9izTG6/7AGwHv1OvE06J53fvKTJ72m2xQCnhx21IYqaephjj+7q8xWRLNVxw1GnyQR00LrH6CDa9/r7CO83YkvGioPp4KV9WcjgDxFBxP29C7Y7RYrVLwf7mSk6T/AAIMVHoWPVb/AMt/5YHU3zM2bka3Kbjzm2u2sei5zrPfONzuTxi7Q3lix93gKhv4YfuUxRyESRVegM7QO/DfQg6SO4mma6ilRgWB0OKr2mo41oQeBpg56He37nNZW8lhJGTZygiTz1A+oOD6061rv5h/8vP5U9L9W7B7c7v6hqaeDAdgZDA9sb561ydP2V1vBtnsLaNft+bctfncBTJXbcwceapIBPLkqOjhpfuE8rrf2P8Alu5cXc6XPaJhgngW9A3Akiv29R7v9nYi0ilsJizAmqsCrgD8VDmn+rhnq6r+V12ViMx8Q/hhv7em5KLbyYjpXaFNuPN1qzVdJHkuqsrnusJMNWvTR1NTTrksdjEiedVfxtYkaSSD22OgQaj8JKn8iV/zdBmMnTT1Xo4+6k+GG5N/5zszIdK5Xu7fe4srgc3k8hXUG7q/Y8uf2pjsfhsDn4Nq7x3JRdW0+docdiaVP4kmFkrHaljdpWZFIVvJbkt3MwJrQFtNfWgIH7a9Wqw4UHzoK/5+l3XfJ/e9NSLjttbR6+65xVOvio4s7lJMxUU0HkMyRwYDbsWEwcCxy/uLEpaNZCSBcklszH8MYUepx/g/z9VweJJ/1fPoCexvkRunC7Vzm8d99pb5XauEjWfJxbDw1NtPGsaiZKeCkpVoIoa+tqKqeUJGgqCz3JvwT7ZefSrO8tEAyQOlVnZz31zDaWsQa4c0AJ/Mk+gA4nogGd+e+2MNVNldg9W5fK5hWCpuLf25JXq5EEiSnyLFNk8kYndAWTyqDYX9lz7rbg1SKRm9Tj/P0NLXkK+cj63cI409EBY/tNB1rbfHPf0eyP5uXauTyFPS7do8/wDKPG9gVNNiUn+yo6HtPyvVmhjYtPLRGtziqFN2P59pt5/xzlfcZAtGULJQZoVapp+XTOwW67Nz7bberlkLvBVqCokjNCfL0+XX0A+sqiipquLxyszy6Y2+6RoyGJDKRHpVtS/1Ivz7ja2KrMtc19epUv45HszXgue3PlTo89N9hk8JLQ1dNS1dLVU0tLWUU6ianq6KrgamqqSoifiSCqglZJFP6lYj2LVME9s0LKGjZSrKeBBFCD8iOPUSzpJFcFiK58+B9ft9KdayPy8+Nc/xw7Zr9u4pJ5Out0pU7o66rpSXNPhpKnRX7VqZWuHr9qVr+Dk3eleF7cn3i1zNyu3Ku9zWkIJ22Srwn+geKE+sZ7fmKHqK9/2r92Xo8Jf8TlBaP5CtGT/aHh/RK/PooWUx9P8AYVEszCwYKBYAkOORc/4ew5dPpiJBz0RU6CrwJ9x/DPIPrfy2Grw3+lr21W4/r7KNRppr1ui01efX/9LeFY0y3vISw+unhBb8Aj/H2zQU49b6Kx8ndvrksdsnN0iSvI2RzGxcnBTiIPksZvDHSfY0E0soPjiTM0aSqRzrA9k26ws5tnStWDRn5hhVR/vQr9vQ15NvUgk3GCWmkKk6k17WiYamAHElGK/YehT6x3JLuLrnZmbNGZshUYKjpatboZIshjEOMr43kIuCaujkv/j7NrOYz2drMfiZBX7Rg/zB6DW8Wost23K0T4EmbT/pWOpf+MkdLOV8q0cclVU0WJj0t5wWEkgYsQmiRiE/R/h9fanouz1E8mLa5kmq81UUZCFIg4Uu1yGYJ6CSPqfp79X9vWsdLCgnjSKOTwJTuVX9sL60X8KzfX37rfHqXUOs8RQjiZJIf6cup0fX/ah70cda6Su4sHLu3ai46F4I61ZE8T1KuYNUQaGohmCMr6J4HI4I9m0Euh0lpimfz6aZaggcePSJ2B1FtbrXG0+Hxb4zEYSkp5aem23hqWGmw9KtRXT5OpEdKiWvNW1MjtwSS5J9uyThlCJGFQcPl/m8+qrHppThTh0I2Nx+Bx7Sth8IGeYjXKYrAqrakXyS3bRGxuo/F/aSS5BprkLEfn04EpWgA6fxLXsDrlpaGMXZgCJHUAXYnSCBYDn2naetaJj59W0+p6LF2Z8z/jF1HUVNDvHtTE1mcpHeOXA4mY5fLLUJ9YHoMaKmSGYH+y+j/H2R3/MO1WJZbm/QSfwrlvsoP8vQ+5b9rfcDm0RybFyrdSWrcJXXw4qeut9II+Yr0Svfn82jBsJYOpOs8rmmBMcWU3LUQ4WlFvpJ9nGKmudCP+Cn2Ebrn23Sq2Niz/0m7R+zLdTRs/3Xd+bRJzPzDb2inikIMz/71hB+09FurvnH8hOyGmWr3VS7NpWf/gDtqjSHTExsVOSqjNUsVH5AX2HrjmvfLs/24hQ+SAV/3o1PUgQex3IewAM1lLezgfFM+K/801oPyqeh96l3hkMttynl3JNUTVtXNVyUe462f7j+PRjWfLPVOSxrgyMgDEGUJx9Paq1uJJtvY3BJfUTqJrqFOJPr5dQ/z1sVvtPMbPtqKNvkC/poKCF8Vjp5KcMPtI49D9tPfqY2GWh+7jmSU/5xJRGSrN6ms/qPqNgR/Tj6e0NrexoSobtJ6Yl20XCwuUo6j0/Zw/wdDRidxboqqSopW29Vbn2zkaGooMlSfw6gyVFksNWwtT5PGV+IrHaHM42qp3Mc8LpJHKptY8j2IbK43GviW9rLLajiVAOPMUr3D1ArXolvtv5em1xXV9BBfH8LswGryJYA6D6VpT7Oqw8v8RNm/EzA/wB3egqSPBdFbr37v7euD2rlaapq36m3JvzLndGf6127TOKdqbr+DLy1VZg6eoLSUKVElJdo4YbC/a74XIliJrNUtkEGhpgg51LwNckEE1NSY33faX26QMMwtiqkEV41BXtKtxFMVqMYHSXelknjByWZylYGT1xJMmMpSeAqNFRhXKt9LFyefZtQ+bfsx0TYHBR06Yyhx9KglpqCkgNiQ/hWWcsL3vUT+Se/9fV9PftKjy68SeFeiJ/Pzd0h2/1l1+a5qGk3JuZ87nJ28kkUdFjRFj8fNNChV54KKrr2qGQcto459lu6uRFFED8TZ+wf7PQ55Dtwbrcr7RqeKLSo+bZNPQkLT8+io43ow0+9M/tzcE1c23NrwZGg3DuaqanwOOgzdYmTptk1VBVvNUQnHZ3IUKt46p4XWMnWQCpJYLYiXwyxoOJ4fZT1qehm29k2EN5CqiSQgqOPaKGUMTQAqDxFRXh1ST8p4tjdU/PPBdiddbt2zummztP1Dk8pVbP3DRblx+JzO0chgmqsI+Woair115gdHeN28yNdWUaR7NoIVfbr61atGgk/wVHUfbpdf8iCz3RHDOJoiSCOKkq1aYBNOA8qHz6+hFtynWsqopnklLSx0dTBIpVHeCaFJI/FGbFmCsNX5v7jRU8Uxljmgof9X8+pYkuBbwv4ajwyTX9vmfL5fLoyWJytNRwCaWWVhGGVkuIw9iLSMjNqBKj8/T2sBWHvatP2dBC4V5m8JVUEnHnT5VHREf5lENDur48NudYUkr+vN34LOUtQFGuHFZp22/nA/H+alp6mEkXtqQH6j3HnuHIt9tK3IALQSqQfk3a37cfs6B3OW0hOXJp9P6sEyN9gJ0N+VGHWuXvHedNBRrDTOup5QAGtYkKb3B50qT7hG5BkoqDB6hwmtfToPvu2+0/iH3g+4/zv+FrX06vra/tv92v4VanV/k6tVa8BTr//092NclS1tPT1lDJFPRVkEVXSTwHVFUUtRGssE8TDhklicEH+h9sscmnw+X2eX7R14Vpn4hx+0cegE+TuFz+5vjt3HQbWr6vFbrodlZfce0svQMsdfity7bgkyuJr6FmV1Wqp5oTpJBBvYjn2T76kz7PuH07lblI9aMOIZcgjoYcgXVlZ87cry7nAku1veRxzo3wvFIwR1bgaEH16JV/Ju7f3F3J8M6WHdu4a/K742L2Rvrau4MxWuk2VqPushFuTH1VcdKq0k8WWlH6QPRwOPZVyFfyX/LqGaUvPFM6EnjQnWtf96PUufep5SsOUvd+9j2i0SDZr7b7a4hRBRF7PCcLxwDGPM8erWpcRQ1EvmqozVyGJImE7FoiqWI/a/QCG5v7GWOsc+nJI44UtHGkQA50qqXA4/AF7e90691H+4RWNjqJN7D1N/h/h7917qWKtyAH0RrcEO7i4AP4F7nj37/D17qL9vA0kojra2WGWUyClpxpQO3LAOBfST7cErqoUHA61TNenWlxxXmGhhg4uZqlvNKT/AKxv7oWLfESet0p09pSx2CyztIfyE9Cf0IAFuPeuvdBF8gexKHp3pbsfsOVIx/dra2Vr6YMNbS1MNJKaeMXuWMk2kWH9faPcLoWVjdXR/AhP5gdH3KuyScy8zbBsEfxXd1HGfsZgGP7K9awOC+GfZm8esqP5E7i3lt6io+zo6/dmHWghbJVuVy2XrJZ4aXJVeqOHzT1EnjVI9TLbT9R7hxNgvZrRd2nmQJMCwpkksTgn1Jrjj10Wu/eXlzZeYH9v9t2mdm2wrA+o6FRIlAJRcmgArVsGtfPqxbpv4EbIqOutj5TdNJl4N3ZXHUp3njquudmxVetU8detKEaOKNQ5TS6AgR8W5J9iGx5TtpLW2kuQwnYDWpPDOR/gof5dQPzd7979+/d5tdqkiO1RyN9OyqBrWgKFuJ4VqCeOa9Dntn4RdHbRytZltw189VQ/xFaiCmyNf44KSGBlSSmWMsumI28liDe5vx7MY+VdrgcvM5KasVNAKeXQJ3H3l523iCK1tECzeGQSq1LVyD9vlXoYMzurqPHYLc208dtHFbgxWMoY/wCC4qgb7bFVxrUvFO1fTqGxop5o2k1wfvoSCnJ9q57va44Z7QW6PEowo+E6vOo4Z/PoD3O38wj6Tc7+9kS4uGIYuTrGnjUHiKU448vLqpHdu8uxuqqyODeNC0226+Rmx+YoaqaWGkhqKhhBS1lRPpninpo2ADSepwL3JPuNLvbpLYFB8D1INTivkT8vL16kXY90trx1Qt+uuMj4iPOnDPnTqwbojv2WooKaSaSSraKmoaWCgEg+6jMirHRLS8H7iOsY3Ui+tjb639ijb90eys7eFqkIoFBxr8vWp/n0SbzsMNzLLqpGWdmL07SOLFvTSP2Dps+T/fOHyC5rZkdPXZWTGSUmPqaLBUZy2Wyu9sTSy7iz9PQ08EgSok2vjKeTzOXVIxGwJuQCZ7buEl9zRBDFXwoInaVvnpoQaV/EQo+YPp0U7tsNttnts+7XbAXN9cp9MhwRHrqjAHhqRWkav4WX16o57/8A5nHxd6s29ueCn736gxW6MfT4CsxGO3BnajMZrOU1ZV4eqyP8F2dtbH5vIVVbTY2qnhMNXJRyxVcDqyg6CR80gQMykNQ+Rx/npTgf83UQ9oPe1B+09E17g/4UXfFDan3uN6O6Y7r70r6dUFDndxphulNk1FTYBmamzEu596zY8tyCKOCUx8cNx7o1wi14Vp64/lX+dOmS4FSMnqlP5Sfzl/lR8l81R19DtLqPpbG4qjqcbhqDZ2Gyu781S0VVKkzmfcm9qyrV67Wg/cjoolH4Ue0Fx4dy6sy1VRjy/wAvRlYb/uu1R3EW2zrEJSCzaQWwKChNQB+XVa/ane/e3dGQy2W7e7j7M7CrMzPFU5f+8e7Mo+PyM9NBFT08tXh6CWhw0zU0ECJHqpzoVQBb2pj01YgCp/1cTnpC91cThVnuHdFFFBJIUVqQBwAJNcdTWz8uwdq9ZSYuJKb+CS0u42SJEjSWveqbMSrIFUf556aJTf8Asgfj2/CpkZwThlYftFOjFFC2kT0+Flf9jA/4OvrB9Ibrj3n13sjd1VRIHz2ytoZ9pR+3Kk+a2ziso6JKv+b8clWRcWBt7i+1OCZEBKkiv2GmPTqXNxJQIIpCFYA6eIoRXI8+hQhpZsnWtDS1Z8FW4MkU7MwikRbWFSgVPWeTqHPu8kYuCEQ0zkH/AD/5+kQuRbL4ksfcgwV8x/pTn9nQT/LrZVbn/jF3hgUj8lbN1vmaqkRV8tqvCpDmYjTyrcFguPaw/B9hHnDb3OxbpDoo3gkjzytDg/l0H95kXcdi3y3jyXtnp61Wj5H5daeW/DUymiqIJ3VGRZ29TG+uNXHBbksD/re4KtYgyq59K9Y/A1Gr16Sn97G/hn2nnOq9tdzq020/T+t/x7N6L4OnGr06t+GnX//U3ONqAttTCRRBFWkoY8aEjIIT7C9MqgrxYxxqf9j7LbCYTWltJ/RAP5YP+DpfuUBg3C8j/pkj7Gz/AJelAlHBX09VjqtV+1r6Orx1Sr8xmCuppaWXV+GXRLz7UyKJRIjHtYEfkRTpGrPEySx18RGDD7VII/wdVKfytPjR318Z9+/KrDb52e2A6g3rvZc51xkqnKUklflsjh8tlKFqwYaFnmx2LyG3qyIxySEM7RfpH19gXkXa902eTeory1KWEjhkJIqzKSvwjgpQih86dZPfeM9weSvcTava692Lcmm5qsbAw3i6GCIrqjBRIcO6yq1QMANx6uLklSP/ADlRHEfp41PlkH+wW/PuQCwFKDrF+h66UzS8xUzuv4kqDoXn86eD7qX63QdQK9o6e33NWolP0gpFAa5+gLH/AB9o7m7EIoW7vIevRjZWMlySQlE9TwHTDls9jcDTfcVFOJShBlEs95LHk2T6XUeym83d7NfEdK04iuadG1psn17+FE+TwNMdKrD7gpK2kgq6LQ0FREkkbCygKwuLgcAj8+z+1uI7q3iuIzVGUEfn0HLiCS1nlt5RSRGIP5dYcnv7b2JyWFw2SzNFTZTcVRPS4ShaZfNkKimj81RFTr9XeKL1H+i8+1Hp69MVHSgatlPpQ/7G30/4p791vqvj+ZzUZo/D3taHGPI8rYSSSUJckwoyvIP9bSpv7IOaAx2O+CnOnqVfZBoU91eTmmpp+pHH18uqTfi986utdhfEjA9C9hNuGTeGC7AnyW1lo6ES4uPDVeTGWoEqsjUMlJRU1BVMxOphqLAC3sBbZvllbbKu2XJczrNVaDFCdQycCh6y69xvZzmbfPc6/wCddkSAbTcWYWYl6OXWPw3ooqzFxTgDwqejV5b+YZvneNSmE2Rj6arzVZPHQT0WwMRkN61v3TRKgpTPRxRYuklqIlV5hNOBE/5A9r7nmW5l7YEUOcUUGQ/sGM+dTg9R7t3shs+1o11vVyVtUXUGuHWBaetGJdgOA0r3Dy6W+ydpfI/ee5tv5vszZ+exG0quvp8Xm67dO5YRkBBKwgpzU4TDOKWFlq541cSzF9BsTb2xHa7vdzxSXkMgtydLF2AwcZVfmRxNaY6puO9e3+zbbe2fL25wy7qkZeNYoTpqMnTJJ3HtBpRaVz0aLLdZ5brOvxuOytfFU4bdVRV5KgMEMUEWP/hscQiwhCFmd2hkM2ok3sR+Pai52uawlgDODbuxOBShAwv+X/L1Dm781W/Mhimjt2SeCHQSTXWS1S/p6DH29S63YmA3ziqzHZalpMjja1JIaiCSGOUSRn0NGyOpU67W+nHtK5jnEoLAqajotglktJYnSocUI/z/AOXop25viNvLYstNP0N2dkdo46SolSv2xUR/xUYFK5iKr+6OVqpP4jtwyxu7NGkjxJIdUaxn2GLu0vomQWN0NOqpU8VPyPl/qPUl7Rv+2X6GLmLaxKlKq3APTh4i8JBWmCOGDXqr7+bb/JF7l+UvTu0O2fiR2b2BV94dM7Ry+JzvxizG/a3H7X7q23kZ1yuczHVuZiqcTBhu2qmrh11eKysk1DuFVQQz088SxTjnlYCwtjZtGglc6mcCrufIeeoDNFFG4ldTHSYw9x7ndN+3IbhJdNLt0ahY0oFSEedFHDVir5wADpVR1oX1mErdu5TNYDL7fyO1dxYPLV+G3PtrOYaq29uTb+4cZUyUeWwu5cJkKelyWJzuOrIXiqIKiNZUkUgj8+xTU1U1qKYNainyPp1FToVbSRQ/PqNcW/F+Txz9bAe7UzXy6p11yR9LDkHm3+x/2Hv3A9e6j10sUUEju6RxeJ9Tuyqi3W3qL+kf69/biHy8+tggA1P+r5dDrj+ttx9vbh602ht3FV1TR7hzWzdpQVkVJM1PXZLdGQxuAxWJx0uhY67KV9XWjTFEWIRXdrKpPtfG4igkuGxFGhYn7AT/ADPR6KyxW9qhrJKVQD7SBX/Z6+q71hiKTZ+y9s7OpwixbT25t3aodGAEibcw1Bg1IUMV0yGgvz7iuGYCPIyxqfzNepb3BCJANVQqgfsFK/s6G7BozII0aKNEUSHTF+45Vi3ruQht/r+zC2o2rNCB/q+2nQdu3AOsqSTjjj/PnqduyibNYbJ4M2qKfcOIy2FkhZdJk/i2OqceygcqQ33H+v7Ld7j120sWokOpH21BHTFoEldoiPiUr+TAj/L1o6dlV8GHfIYtikcmHrsphqjyCzxTYmtqMbJGVPKyI9MRzyPeOcEZVXTzXH7Mf5OseTEY2eIjKkr/ALySP8nRaNb+H+I+d9H3Ov8AV/Zv+q17f7D27+LR17NdNOv/1dvnrzLzirrsXJDIlNPAuQo5bkxeeNhDXwKBcK5BVx/UHj2C+Xr1jNc2cikKRrX040YD+R6HXNdnH4drdxuDMDob1pSqE/zH5dDbTC4Flv8Am4/2HJ/2/sV9Ak/Z1zSKWomqkqqmbRDMFSCNtCmFkV42LfrJIPPvYY0IJ4daoK1A6c44aSkj8qrDTqoLNLIQLAf2jJIbX/2PvxPHrwHkOmPK7kjpY3EDq9lJMgIaw/qP8Tbj2V7juKWUZ/355D/L0c7Ztr3kgJwvn/m6BzM76oUDiaTTUF7qxYCRTzpYsDxz7AtzvIckMx8Sta9SFbbFLGAUH6NMjy+fRc+yOwczlH/h2Jp5KvKJFKoKNphrUKN4webCdmAX/E8+0hv7jdA1sULXQwCPxV/y+vRtbWNttCm6kcC0OaHipHl9nST6xrO7+wOruu8jtXJbi23m8tlNw7Z7R2hmsStLmNs0FMauGDJYdqnSIclS1cUbQ31w1FO9+OPcl7TBLbbZYQ6u5U0vjKn5fMGmOBB6h3d7qO93O+uUX9N5SR9nQyYroHtKSt2vmMrv6jzGU2Huum3BtTNZrbyU2Xmx1Xj/ALDceIzKxO0LzVwYuksYS3Fxx7NKPVCzglWqDSlQRQg/acjosyejpwvUNpuBqsNekWuT9SpNiVHu3W+gh+QXXo7O6s3bsupRWh3BgcjjiSA37k1O6J9QRq9XH+I9pL62F5Z3Ns340I6OOXt2l2Hfto3mE99tOr/sNetQn427N2XsL5d7e69+QW3Isptfb+4c/tvM47JGKGlXJJTyjbmUlWqaKnqImCBo0chXL8cge4X26C3i3mG33OLVCGZSOGadpzg/Z5166kc97tvHMHtLdb9yJfFL+4gimRkqToqPGSq1KkcCRwpnHV8u4PkP8TugaB9r9NR4WbcGCylLm58Ptnb02VkraWrrHnehiqMbTTRLlJxM6GKSVGFl1+mx9jm43PZNqjMFmUM6MG0gEnJrQEDjxFKjyrjrDja/b33M51uE3HmszR7fPG0YkmkCAMFABIdgdAoDqAI46c9BDlu4vk3uvdfZm69hYin231f2RhMM2PwnaVVqyO2Mxh6XxPn9vY6hklho1r4wrS0zvpkeFXJU8eyiTct5uJ72azhK2MyiglOUKj4lAwPmK5oD0Obbkz232va+Xtt3u8a45l2+aTXJZr2TRyGvhyu4BbSahXAwGK549LXBy7r37jMZk+zO0M5ukVEMS0+P2aqYvH0FdRo1P/EMfURLNLT1rHUzyaypc2K249+IubxUe+3J3B4LGMAjzHz9T69EO7bdsFsl7te1crwwQsSS8rEyUOR3YoV/DQVA9emXdPYG4ugMbJmtw7qhzG0azIUsOPyNd9tT7vxFa7MBHnsdjkahrKSUqD95Csek380YuG9ke42l5a65oGLAn5ah/plH+EfmOgc20w2zW7M+uyY6O7iDStAfxLTzGR546WO3fkptjcMSVkFZTTirh86OGAVpxYqVfUwuzG1/p7S2876HkZQWp/P/AIvowj2sO8SIToFP2f8AFdHb6i3rsjdGApTlrSSVcbziSeeRPtkB0mSllidJIn1g834I9ijYWtZbFJr8EyyEnJI0jh20oQfnXj0EeY7Xd7XcJf3e9I4yBRQDq/0wIII/ydavX/Crf4e9J5Pojrb5rbSxGMo/kPg+x9l9b7r3Fhsev95e5usN8LltvYDG7zTGQrPu7dux81goZcRkpY5cm2OaelkeWJIBGI7WVEuY7VJy6Sq7jUasNPmT51oQScmuSaA9Avc9qa52a/3drUQvbTpG2kUQsw1MqiuDQr2jsWh0gaj1pt7R+HHyW3jRwZj/AEY1Ow9sVMQqI94dwZbFdV7aNMeTOku6aimzNR6bkLFRSObcD2exWk8tNMZp9n/FfyPQGJAyT0MG2/iJ1ji5nHY3eGU35WQlSdq/G7aFRm4PKP8AOQZLsXe8VBhIIyeA9LRysb3Ht57SC2XXe3SRinmR/q/w9OwQT3TBLaF3b+iCf9jobl2T1z1fRUtZsP40bQxtboaaj3J25kart/f6LECr5B6LIyU+0sLG8hsq/a21kBQbey+XfNltaiBGmb1pQY88/wCboSWPKG7XjDWixL/SyfyA8/8AUerkv5SPxA393B3jtr5d/I5TDtXo+qky/ROwKmCnoKCo7FqqV6Oj3zWYuhpqTG0lHtGhqHeggijs1W6u5IjA9hLd+abrclezhAjsiO4Di39GvkPM048Oh1tvKljtDxzvI0+4VweCp8wBxY+VeHW1fQZmP9sg38bgNIpKEkvyZGPpYkX5t9PZDGSx0fLo8lWgavp9vQqYHOzmQzar2b6h9RAH6YyouqgA3P8AX2YwlgSfP5f5Og/ciIp4a8Kf6j0IC19RJLSyoxqTFPFIqJfUCJFZXA/OkiwPHv15WSJlGT5dFqUilVgdNOtFj+ZVR1HUfzP+SXW93psdRdp5LP4eBQw8mF3rR0W7cdLx9FZsxIBbj0+4Gu7Rrfe91tnWgWQkfY3d/l6h7f7QW+9boijtMpZfsejD/Ceii/3uqP7s+Pxn7Xya/JpOr9GjRe19Grn2X+Evj6eiPw+/+l1//9babg3BWbdzFPkqGrSSGSQhqM8AxFrMNH5Zv8B9PcOw3k1ncx3NtICa5B8x5in2dTcbCDdLOSyuoiHphvMEcM9G329m6LNY+nrqR7LIqmSFj+5BLYakkH9L/Q/ke5MsryK7gSaE9h4jzU+YP+rPUTblt1xYXMtvMP1FPHyYeo/zeR6cJ6+Cjrg8rAippOeePJSt9P8AqW/+8e1QZdRzjpGImKjFD0S+R+/twfIPtLbebp6fJfG+oo+vs/sjdVXXQY3IYjIwY+vXd2y6DGUIFZl75ZYKoVtQyosbmFVJW/smvN0NrJLD4Zd6gg8Aq04E+Zr5dHdltyzRrMzBU4epJrmg9OGT0MWVyIpgIULeONRHGv1TTGLG/NzZfYIv7uWWVnkarH/V+z5dDjbrONYwFACj9v29FC7b3hHg3qK4VNOgjOofujh1HpjkX6mNjxb6j2FriTVJ2AYP+r8uhvYECBRKTpHTX0hRbh7K3Pis0tRHQ4ykkZ6gyQs71DBgVEQIAWOw+vuR+UtpkjAv7hKORgH/AA9RjznvkcrNt9o/6Ve4jz+XVr2Ex9DQr53mDVEkaRyOwjDEKtgDoXUfp+fY+8yfPqOulCPFL/moXlv/AGiLL/T6sPx7917qK5SOSMSzwRh3KLGpBLv/AKgEf2hb+vv3XuvVtEKumkp721i6n+jjkH/Y/T37r3y8uqNv5iv8vnJ9qS1PbvUlBTr2FjqYpuLb5CwwbpoYLupVgLJXQ2vFJY8nSeDwA+auWmvCdwsUrMB3L/F8/t6ym+7/AO+i8kyLypzTK55blescoy1u5xUDzQ/iX8xnqrL4x9gYvoyg7LwPalf/AHIyEeSh+52rncCwzUqNCkdTPinki1yzeWMEaCyEqTfn2DNrniskuo7lljauVZe77V+fWVHuLsl1ztccu7nyvB9datF2zRSVjrWoDitFFD50OerC9rdn7BzvWtLvbH1cTbek8qwZHeeWF5aDWUmelx4dGkuitpj06/xwPZ/HLDJaC4XMWcuaCnnQYr1B277Hu2275Ptl6mm8WmpYl4MMjU/D8606QVN8m+mdkUDRYnL7j3xTLK9YmM2/QSUmPhnk9TRCrdYUSNXNgCebXN/r7Dd3zdy5s4MU25+I/HRHx/b0GuYdzsbBml3zcbS0mVaHU4dyB/RFTXrL1Rvvb3duA3Pk5Ntri62u3TmKSbAZSRMjVUmHhgpYsbI8sjSIrVMc7tawUm97+2+XuYLTe0uby0iZI/FKkMe4UApX5EGo6jzeOZbPmzwLjabppNvs08EVGir/ABO4X0YaaE5oKdB5vD475jBSS7j6uqJMZXUwkllxDh5sNX8H/J5aAPaEA2AkjAIv+bezuS2t5NcqdsnnTgftHD8+mds3a8tpEid6wk4rxHzB/wAhx0J3R3YHeOVq6fZw6rq03VCqRtiH3TjMNtHdkC+s1FBuGuC1GAaQjRMPGzFLlRqsfZX9W3iLYRxN4hOBXsP2H8J/4voc3C7f9M25vfqiUy+gu8Z+cYw9OIFeNAcdEk/mY7J+fW8+wevdmb6H+hzpqtq6vclT211tT02+cVPuLF4tKDC7Soc3VxxYzr6n2tRVcsNBT1SLka2qearMzqyIRDt24TbBPNeXFj4l/KmhST+lEgzpWmSxxUmmB51J6B3MMO3cy7TZbNs96YNhs5PEZSK3N1M9azS/hAySAK0Jp2gAdVO70+KGzMDTU+Syw3R2VvfO7lpsbQZrsPcNfuOt0xAzVVdFQzumLpqzINbSniYQx3Pu11zXvFzQPdaIyaAINP8APj0SWXKWzW5LLaeI6LUmQlv5cMdPC9A5KPLUGCOOgoFpVepeClpY4aDGUkSeSer+2hjSOaqa+mIMLlmvx7L3uC0gV2JkOakk/aano5hiiSEtEqrEPIAAfIY8uh36c+KFJv7d0OS3DRF9tUtbS1n208F48lk6YH7WillYfvU9BSw+Up+lpnvaw9l0lxqkCsf0yc/b6H5edOjBKW0FUT9bhX0X1/Ph1ez1xhcdtXZ1Fi8dHBQCCIPHDGojDeQnSDpAVWPAAtbj23GSx7gSxqekKy6XNOIx/q/z9Dft6vtRKWlLG76wihjASALuh9Vh9b82PtXCHWQUoQOk1zMGr5HB+37OhDwORdwnq/cQtqMD6Wdlv9Y/SSHU8kj2bIlCorxz0TSvV3an+r7ejA7czePipKQVB8cgCG8g0j6m2t/0FQb8g/7H2rLxRxEOn58B+Z9OieYSvK2k1zw/zdasP87LqnF5n5wYzeFJShj2H01sGuqGjRSk1btWpy+2HqAUBDO1NFFqP14HuDObZVi5hmmi+GSJT8sVU/4Oo950gNvukEhBrJbKfzUsv+bqvL/Q7Sfw/wDh/wBsun7LyePSPpe2q36frz7BvjN4/HNa/LoG1/3rr//X2no8RBlqVqepghmDEeOop3eCrgYjh4pLGMFR/X6+4Fi1HtZVNfMYP+bqaFvHt3WRHYU8jQg/5eldsvB7n21USGm3Ca6mkIjemracI/gHqGqaJyjMgPBtf2f7S15YSmWK7BQ4KkHI+dP8PTO+bjtm7WyQ3G2aZRkOrcG+wjz8/XoR6uWOU09TkqtpTSO7xIreKLVImhwwveRCv9fz7PrrfH0gxnQPM+fQRtdqUuQVLH58OotblP29STR/b6booYKqhvwAbE/8V9h6bcddWBr9p8+j2CzpRSpDA+nQC713fDQ01ZIrrG0SODqcgobHlb8+kf737JLmXXqzSvn0JYY9Cog6IRnoc92TuOBo6NWw6VR0VFRK0cdVJ5LWZODIgI/1j7EvLHLqyAbjeRVr8CnzH8R/ydBbf+YZE12NpKQoFGI/wDo+fTtJh9o0IXIZnxy0oVJ6GggKvGQP0GNV8nNuOOfcmwIEQAMKenp/xfUcTSGRq9HMxmbZ4qJ8TimqFrKZaqKoqyYwIibAOJPUsg/KlQf9b29xPTH2Dp7yGVcNA8+cioVCo0lHTDzSCZSpaE6Qx0MRYW5597z178+pmtamGGoxmMNUKlvuA9W5i8dShAZlVhqX6X/H9feqenW/LpXxQz+KOSVVRtKmQX4RrAkXNrge7AFiAoqevCp6BXs/vTpTrmCVt8b727iK6FGKUa10VTknIB/bFBSmaqYt9LaPZLu/MWwcvoX3reba2I/C7jWfsQVc/s6YkuIIsSyj7OJ6om+bfyK+OvdmLrNv4vqKTJ5uVngod/z0NNiail4NqmBWU18it9RYKT7g/m33P5Yvo5Y9m2mWe7HCZgI0Hzz3MPTA6GPJvvBzdyDcePy1ucog842Y+GftXIPVWOF23g6KWlw1NFV1dBBIzQJWVM8sMEr8yvBSSSGCAyH6kLc/n3CG6b9vN2gWW8PhE4VSQB9nTXNHvL7ic4XE9xunMDoJOKxAJUeQLDuNPt6G+fFUf2CpBApCIo0aQIx6dNwigC6j6ceymCIykyyMWl9a1p1G5keRzJM7PKTUsxLE/aT0ndj743B1xueuj2zVUUNdm6WYQUeQlMVHX19BFJLDRySKCYZq2n1xxtYjWq39jnk+9uLHdDaBgIblaCuO9Mr+ZFR0MOStxNpvCWTt/i1z2kf0xlafM5HQ39cfOjHrVVWD39jKzC5KCRDGUpaivopVjfSxnq6WNkguxsA1ri/uWY57ihZVOofn+2nl1OUNhR1kKUhPniv7Dn9nR2Nhd17L3jNFmMLW0DzEqTLSTR+SJyfShVXDUyqCABYG3197jkaR/FZRq8vl0brZlUCxuWiP7D/nPr1Y/wBV762xvHAVuB3bMmQo66L+F12NyNPQZKhydLItvt8xQV0U9Jk6SRSdCyISPqCCL+xhsd0l3BcJfudCnSBjOPOta/LoE8w7bd2NzFLttuumms8RQ/0aHHzP7R1Wj8zfgvsXYW/et+yOsqWCLr/PV2cwMu04pGqabZ2+qmOnzK5HENVSSzx4HL4KmlVKZ2kNHURFY28TqFQbztiWckFxayBrVmK0HFW4/sK1p6Go6tsu8S3sF3aXMRS8CqxPk6Dt9OIY5pgih+XRcNpfH1M/n6+pq6eMQZjI1KM2kMtPgMLGxJL8MPNKCxP0LsB+PZIZtbkr5mn+1Xj/ALPR0yiOFVplVH5sx/ydGRw/UeL2rgsDikpI4HRavLypGFBWapVhTesC7PFDbg/j23RtCV4klvs9OtB9csxB9F/Zx/n040+BqIAGEhMAbRE6qCjyHlEIIsLgcH6W9vQPgNXINOtT2xLUKZpXoQcHiRIBDVSQU0l18Zd9KtIR6g7C1rE+1iSvG9ARVs5+fRXcCM0oDgZ6dZpP7tVSvUxvUQTnT9yi+SaMgFbq4IRo+Txfj2YpLqC6qV/1efSFlB1eFw9OlDSbjp2iQUlcs0JIJAlcmbTYrCackgMW+v4tf2gv7kqpjrj/AFeXW4Ig7g6e+v7PnXqt3+Z5sGbK0XTHfddFJPS49s11TmCka+PHzV843Nt2pYaQI4qySnqadfxrQAe4j50ilcWe5ZoCY28qVyv7cjqP/czb9B2ncIcxKGib5FjrU/nkdVi/bU32v8Y8KeK3i0X/AN1Wt/wX9XP+v7APjNq1+dOotoePn1//0NpTA1stM6l5GKX1aW+pUHmw4A0n+v494+RTOp9R1M80KyLhaN/qx0IK51vCvgcBf6qDqYvx/sT/AEPswW6emG/Z0iNsASHHd8+m2syMkmqSZmeOMcAkhb25sCeGtz7o8pYksajpXbwU0hRQnoKNx7oko5WqVq20oDpjlJ8dhwL/ANkcf7f2Vz3AJNG7h0JLaBfD0NHk+fmOiib735l9x5uTbOMCipqqOesq8jM+iioKOMhXqWqD+02pjoCX1k/i3tdsVjPu99FblD4KnU59FB9eFTw6Kt/v4NtsJHV/1T2qPnT/ACcep+zdvY2Otp5c3vetyYSopEgixEPhpqZX0eFZHiBRWjYar3swvf8Ap7mxFUFFDAKKAU8vTqGJZdWquWPHqxHbNDn6TM0602Bw0tGiUr1Gfq2RJqylZEMjIgF9Zj5sbjV7Xj4m7Pz6RGvr0KbwTsBNmdw+HGT5EJQGikjpoxBr4SWoVhoXWtmBIH9fdqEgenr1r/B0Xjtn54fEb45VFRRdg9mbbxtdHJUifHY6R9z5tqiOMlQuNxCVtWGZxYqwQhrX9hrdeceVtjJXdd9gikH4Adb/AO8pU9J5Lu3hwXqfQZ6qm3b/ADza/etZW4npHqvJGKnrJlo907zrEw9HJTRyMKWrj29SCfIl3sC0crpdfrY+4p3z3ys7dHTYdnaWSuHmOhfkdAqx+wkdIZdyfIijp8z/AJugi3H89/k92nrh3b2bU4LFVKaJcPsuJNuY7xMLeGWqp2lyE4I4JMqk+4f3z3Q573tJIpN8a2t2HwWwEQp6FhVz/vQPSGS6uJcPIaenAdJTB1Em4qk1M0pnnkcNLVTvJU1bk86pamdpJ5C31uWPuOdGkvPOxe5OSzEsx+1iST+3pC7HV8ulBmtkRZORHjcMVWxHA9ZFhc8AXv8AX2uju1CEs3Hqqsw7Rw6S1N1tJRsL06yNrLlgLN9b3vb1e0c14HZVGUHT6sDXyHTHuaWXbcc8jxhrLpCG5GoLpANv6D+ns3251kRdAGTn5dPLkjosG4YKnPVP8RSKSNo5hLTyUzPE0UkTakeJtWoOpF1b8EezK6uXVdMbaZFGGHkRwI+YPSxYypVg5VwQQRxBGQa+VOssODXedUItwTZuWakpZsjPVHODG0k0FCVMgelhgWeeZEIZlWSzAE+5M5Q5n/fFLC/U/vJIydQYBHpxIXiGAyR58R1N/KHN7XzpYXMCfvMJh6VEgHEgE9reZFKcSOhO2dtxsnkMPVYdKzZWGx0sjQ5Wgkmwm69xftkIIypJg27CTrL1Ebz1T206UF2HccEcp8TSVj/YTj/B/h6kxrsQo41B7tqcDVF+2mGc+nBfPPVhXXW6uyaSLDU1FuukzAZ2psdkM7jWpMvjFiQkyNk8NJFFm6aMAeiop9RP0cH34tKtEjf8+BH5jiPkR0y9/bDxTPbVwKgHDV8qH4SfUH8ujE/3g3t2BPUYXdmShraLabtBi6fH09RHSzbhylNBHX5moaplmmkr5KUJAn6Up4NSKt2YmqvcMrwSSFqGv2sRSv7MAeX59FMqWvix3UcIQuvDGI1JouAMVqfUmlTjoWdp7Rip5suyIixx0cOHo1VFCmKUiSqdbgEyVFQ1mI+g9+iiUGYlOA0j8+P51/l0nnk1LagHJYu35cPyA6UmU2ylVUFpYi38PoViLRCyvJU2gDXPDCFBb/Y+39KqRRfhGR61wP2ceky66fF8bVHypn+fXabTxdNTJTyxKnhMQDv6QxCWsQQRzcG5/Pv3gBVLIM0HWpLqdmbVnj0nchtSKrcxcxS6FOhXCNIxN2KEmxYL/Tk+29NaVGKcOqlgO+opXBpUfn0zzUZj10bU9VJGDoWSRSyIFADGRTw5P+Hvys8FdBNP9XHpPLErUYsK04f5unTa+2aOKvFQ1GssSmx1hUMifqIVFAMY55PtO76yaivSdyFXtajnpX9o9L7X+QXUG8en9wM2Pxm6IqebFZ2FPJJt7dWJc1u3c7ThxaYY6tAWVAPXTu6/n2U7ht0G7Wd1YyEhJAO7+FhlT+R4/Lot3ewh3Tbptvu3orrgjirA1VwP6Jz8xUda6H+y/dx/6Xv9lb/uo3+lL+Kfwf7PRL/B/sNPl/vr/ELeP+5v8N/yz7m/+b/b/wA7x7hL907p++P3J9Ofr9VP6NP46/wUzX8uPUF/ubdP3r+5fA/x7VT+jp4+JX/fdM1/Lj1//9HZ3xi1TSBfWV0IzNIQDGo/1FvqxB5H4947Q69RBBoR+zqb5AmnVQf5z/q8+lzTBI41kYkWPq5sosoP9LWIF/8AD2sAAA6TFWLEVqOkduLPOoaOIK0Wu37ZtcjnUb2Yp7TSuxx0b28ccShi3fTz/wBXHor3Ye6silPUNFQ1lWCslo6aSjhKIuoF71cscI4/qfaIrU5VjX7MfPJ6fklCpRJVBHma/wCQdAzs2k2ViMeua3zWv/FNxVL1uRpkYUNDT0UU0sVNjqpjUNTXkVVk1ra7jjj6y/yrtsNhtMUshIln72xTHADPDGeok5k3KS8v5KsPBi7VqcfP9p6m7i+cvxm6sWqoKXNYHIVJWOF8bt+CPOVxnhcAQzrS61SeOxGr6Kw5uD73u3O3Kuwq4vNyjaWnwJ3tUfJeB6Bk+5Wsfxzam9Fyei575/mddj7glq6Pqza64yllCw0Oe3T5fLHALCOWnw1M4VDYX0SPp/BuPcPcw+/U0XiR7BtQ0+Ukpp+egZ/aeiqXeHbUIIgB6nJ/Z0Vzd/efyF7RU43fnau5qjH1MjvHhsRWHA4QGQAMgpcYYXZGAvZnN25+vuFd+9zObt+1Lf79KtsxP6cR8NP2Lk/mei57u4kJMrk/4P2DotW8OvaCliqJ2ijmq5tUkk0h8tRPKwuXqKl9U0rv/VmJ9g2G+Ak1qx1VyTxP2k5P59XSQEcAOgKxfk21XSNRRMElazrb/NzE2A1/7UPZ6sqXIWppQV/1f5enOhg27uPJTOvmjkVODpdv2ma/Gq36T72WUglePWjT16N71xumrMcSCj8WnSrTIWZf9gT9QF9ldy+lioPbXpPKBj1PRssNW00ywmYx3YKSA1jbg8g39oWkbSRXpsLnpfutDLSBkRCbGxH1+nJ93Q6ySBilOrAEUHz6Lh2NQGq1xtDeHliwHqBv9SAOf6+zu2MdrDqBJcivS2NgOgeptrmSGXwLqD3F3QgA/S4AH5+h/p7Ibrd7hpHUV+X+wOlAmrQkcD0HW7MXPjSrRNLHIjh45YyylWHpNrAFW/3v2b7Puc8UkU0cjJMrdrKaEH1B/wBVeltvcvDLHNBKUmQ1VlNCD8j1wwOc3BjUbK5GqrsrRFxGtZMxlqMfUS2iDV7Wu9M17JIAFQfXnn3OvK/Oce5Srt+5Squ4k0Rq0WX5H0f0HA+WepR5d5xF0y2F+VS8p2sMB/8AIH+Xn5dHk6u3yq5LGzySQzU+IxgiVtKiKqmcGV/HGT6tNwL/AFtb2P2qjcBUfsPQ4jdZoXqSC7V+Y6OTsLOxx00MSASVmUnqMpUysFDiecksz83VkUgD/Ae2AdPb5sSfz6VFRKSSaRoAv5D/AD9GI29lk+5x6NJaGKNnsbFpnJP67fUMQbe34WGtK/2X+E8P59NSxVjm0j9Qn8h0JtPXY+SSoiksZJ0jL3F18RsyRr+FCWABH09rAsYqrfEw/l0iaKakbJ8I/wAPmf8AL1EzPimR/FJEDpkm1uVUtpX1IoH6yPx9Pp7blYCvdjq0UekDUny/2T0E2XkqjHLPDK4CqrpGq6rgCxkJPKgnm49oyzN3fLp/QFFNOOmXDZVao+Gon1EyGNmdiW4PJFzwfaR56VB6TTISQV49DNiNs08kUM4qD9vZnaGOW7vZQQCRzZh9f6e/BddGrVeiiWZlZlK99eltQVPhsujxJHdYolHF/wBNkXnUbDk+6EgEClF8uqJVzq4seJ6ef4ft7+Nf3y/geO/vr/Af7q/3p+1j/jH92vvP4n/AfvP1/Yff/uW+t+P08e/aIvE+o8MfUaNOrFdNa6a+leq+FH4nieGviadOqndorXTX+Guadf/S2bKDICKBZEW13Kg2LfXkvJexLEj+nvHaM6BWn+r59TuIgx7j2/6sDqZkM9JJDp1hYijLo1FSW+gZjwTpJtb247M4oOB/1V63HDHF3Ad3GvQe1k7TaollGp2B9UgXSoHKFub396Cn4Bx688yirnIp6dF57tyeM25tqurMiKbTBTVdVKSn3krxxU8j+NY9McMYlYAanawv9D7YuPBtYpridB4USM7eeFFaemfmeie93EQW1zdFyI0jJ9OH29UJdkzb37Jjkmzm7c9JR1AaMYumrpqXH/aFz9vBJT0zos3ihChiTzb/AA9wlvXP/MO6axc7tL9PSgRToUKOAoOJp1jXNe3F5LJLO5OpiaegJrSg+XQX4XYFJtYwyxQxCJZEd4/HqaRfqeSNZLn/ABN/YZg3dZSVbDevmf8AP02RXFKdDvityY2WCNRHFEkShEQAJIWHDA/2lC/4+0t6WlRvDNSR14ChHSq/vFQ6F0KupQPGbrdX/wBUeCbD2DLsXEbHTWnW2Fa/b0nczVxZqIx/cET867NwV+gYWH1I/H49rdvjlYKHJ1HrykqfT/VnpCPsWKthmliZgy31GwIPPN/pcsf9j7EkTNCQQeHSmM1FfXrltzA11K/gql/ySNyAlmLGxNnWQm/+w9r0uAa0Srnj1aQedR0abYMCwwxxaHWL8E/nkf7yLe0Mw8UsSKVPTLg0B8+jCYWWlpyspc6FIDKz3P8AhYH8f19pCumsYOB1UCmOhFiyMkoVIG1RMh0gEBlBHI4/p7ejeKJjU46sK1qekjuSKSdQ0hHJA0jSCf66mPJv7tLdgUXxBp+3p1GIpih6gYWhiF7rEthZQovY/Vr3v6iR7LfAe5l1eX+rPT4qcdIzsDaCVkfnWEaHI8vjCizfVW4HFv8AD8ez2KBYgF4N1YnSBp6Q+18A9E88M0AnimV43jkj8kMkLqVaOWJhoeKRTYg+0k0jIwQEihqCOI+deI6qzsxrWhHn5/t6ashBXdc1y5LDx1VbgoCZqnFQ3qavBRvd5KmjjYtJW0AJuU9UkQ+lx7mfkv3BNyI9p3+Sk4oIpyMP6LJ6N6OcN556kflnnPTpsd1lGo0CyHAb0DnyPo3A+fQ27C7+wkMC14zCzJLoAaOUNpsQoRhfWk5PGj/H+vuVmXjRst+z5Z6l22uo5ljApQD/AA/yP29GhwvflPJX41aapWaavESU1KpGlAIzruTyhjHJ/I9ts0iMtDnpdHFEyOGNAMk1/Z/m6MZjOxoplR0nIq5ljD/uDSserSAGsSXlb6D8e1Ik0pq1EyY/Z1VIllfSQPBB/Ov+x0tqrNCqjp2jqC0jlfMDwVDCzAm4Buovxz73IFbQa9x/wny+zq8aaUmBTsHD8v8AZ/LplrsnS0tBrE8kyokuv1EJYlyoJ+hIH9ePbOoAUDE06QTS6dRkQL9n8+gZx89cMjNkJqlkoZ3YwUpCrNUgMCzxBmAWILwW/wBt7QuDMC4wv+HpMHVnChav/g+35/Lo6/UdSmXV0nqVJjp0MFMB/m45EAEcw/s6R/sT7U7fRpVjJxTA+XRPuyGNRIq8Tk/P1HQl1WINMzPa51HQx+gUcXFhb1fj8+37q30EsOHRXBPXtrj/AFceoemXRps/+p8tjo+v1tf6f8T7QUPz6MfETjX8vPr/09jOgy4WEJ5CF8akCRTo1PwSLWKXYf1ufeNxkoaKcU6nwDFaZ6bcrllCH1NMdJJCt6Y7D1Fj+Bf/AGPu4YngTkdVLaQT5dIOfdkESM1wnjJDt6SEKj6kj6KVH1+vtdb6TQkZ6KLmaWjU4dU4fP8A+WNJtiHG7Op8pBJW7qr5qOGCCVi64qgdJMlVyIW4TUVhQ8i5PsKc9XEq7JJY2qfr3GD8owan7Kmg6AHOV+bfajaqf1bhtP8AtRlv24HRIdu9t4/KxRtHKmoKo8ZK/S3HBPNre8aNyhuYWaqGh/l1EgixRadLaDdlHXkrJ4y5GlBxpBuLEf6k+0tn4mrUwzXqrVXB8umqeUy1uimhV2YaiY73W5uL6bC59ie3iZwPE6b10Hy6VdNiq3weUySPLKoVQL2Bt/0MB7YvLSJjQ8enENakcemT7HM0dUCsjlmJN3JWwBuSb8Wt+PbNqYFlERFB6+vT5TFQM9Cbjc3HS00a1SBdIBZlAMb3H0f+h49mE8SqoYHHXoycjTQjphzm4wJQ9LJ4VjOpIkXUWv8Akt/ja3+x9sxMFcFTnpQQpBB8+hD2j2BO1LSxSR/vC+hQLAsDb1fg8e351UoW1UNemihGK46F+LdUUqxjXaVrFgH4Xnlef6H6fX2TPcpEWU5bpsxuc+XQw7d3FT+Bbli9lVSW9RJt/j7TNKsnDh/g6oxNc+XTruCQ1FBJPHKQwiLA3B0sBcG3B9s6GY9vDpxacB0CGJ7FkoJ6inrGTyQytGshfSrqGNiRexIHs6gaSFFJy3TqyDgOhZwm5KfLoPKY5lmtZbhgFI54+l7n2xc3hA1V7ur6+nmvpaWlhEyrGFflbEC3+Bt9B7RLeB3AYjPWg1a+R6C/cM+OSpinE5aQFQ+lrfX6gf0+vsV7OiSvpdRXpNK1ajy6CHdvVuzNxPJlcRX1uzs88qzy5DCiEUWQmSzIctiZbUlT6h6nj8UhH5PuStt3zcdqVY4n8W2/gck0+SniPs4dHuz817vs+lIpfFthwRiTT5A8R/MdBad19odV1tNkdxwY/c+Cp5JEbcu3J5lGOp/qs1biZx9/TPUEBXlHkjX6Xtz7HW1807bfSpbzKYbtuAegU/6VuBJ8gaHqUtl5723cpEtpmaC6byemkn0DcPywT0a3qzvqbI0kGWrcndaifzx0yyKVFKgsutiQQxXkH8/X2IiB3OTTPAdSlbXMJVY8cOPzPRtNu92R5mJTE8i0lLMUdyp1tLbVojQOS7BGvx/X21VhxwtePzPS4lQAoyzf6v2dLk71mzTUuJpHjVK1hJUqj3ekp4VvK7EEsDKPSP8AEn+nvRVpioBof8nmeiC+PhGRnyBw+0+X2dP1QZqZoqtC/ihKBQra/GFA9IuCFNh7rKulioqF6LIXoaVyTn5/PoWNj75rsLlKXK0rM2Lcxw1iLYkNcEfS2ssfqP6+04JU+JG3Dj8x8unpUjmXwJVoTw6PjjcxS7hxC5CndGjZY/RflHYXcNb8n2eR3KXkGsDIpUdBSa2e1mMZGcnqH45dWm40/S34/wBf/VX/AMbe0/gnxdPl/LpzUuj59f/Z\" style=\"width: 25%; float: left;\" data-filename=\"6.jpg\" class=\"note-float-left\"> en.Consequatur harum en.Consequatur harum en.Consequatur harum en.Consequatur harum en.Consequatur harum en.Consequatur harum en.Consequatur harum en.Consequatur harum en.Consequatur harum en.Consequatur harum en.Consequatur harum en.Consequatur harum en.Consequatur harum en.Consequatur harum en.Consequatur harum en.Consequatur harum en.Consequatur harum en.Consequatur harum en.Consequatur harum en.Consequatur harum en.Consequatur harum en.Consequatur harum en.Consequatur harum en.Consequatur harum en.Consequatur harum en.Consequatur harum en.Consequatur harum en.Consequatur harum en.Consequatur harum en.Consequatur harum en.Consequatur harum en.Consequatur harum en.Consequatur harum en.Consequatur harum en.Consequatur harum en.Consequatur harum en.Consequatur harum en.Consequatur harum en.Consequatur harum en.Consequatur harum en.Consequatur harum en.Consequatur harum en.Consequatur harum en.Consequatur harum en.Consequatur harum en.Consequatur harum en.Consequatur harum en.Consequatur harum en.Consequatur harum en.Consequatur harum en.Consequatur harum en.</p>', '1,5', 'mohammad-yousuf-post-8005643748.jpg', 'amet-et-qui-rerum-p-5422466261', '2022-12-20 10:17:22', '2022-12-20 10:17:23');
INSERT INTO `posts` (`id`, `author_id`, `category_id`, `title`, `short_desp`, `desp`, `tag_id`, `feat_image`, `slug`, `created_at`, `updated_at`) VALUES
(9, 8, 15, 'Et nulla earum tempo', 'Nulla excepteur dolo', '<p>Distinctio. Laborios.Distinctio. Laborios.Distinctio. Laborios.Distinctio. Laborios.Distinctio. Laborios.Distinctio. Laborios.Distinctio. Laborios.Distinctio. Laborios.Distinctio. Laborios.Distinctio. Laborios.Distinctio. Laborios.Distinctio. Laborios.Distinctio. Laborios.Distinctio. Laborios.Distinctio. Laborios.Distinctio. Laborios.Distinctio. Laborios.Distinctio. Laborios.Distinctio. Laborios.Distinctio. Laborios.Distinctio. Laborios.Distinctio. Laborios.Distinctio. Laborios.Distinctio. Laborios.Distinctio. Laborios.Distinctio. Laborios.Distinctio. Laborios.Distinctio. Laborios.Distinctio. Laborios.Distinctio. Laborios.Distinctio. Laborios.Distinctio. Laborios.Distinctio. Laborios.Distinctio. Laborios.Distinctio. Laborios.Distinctio. Laborios.Distinctio. Laborios.Distinctio. Laborios.Distinctio. Laborios.Distinctio. Laborios.</p><p><br></p>', '5', 'mohammad-yousuf-post-3815108474.jpg', 'et-nulla-earum-tempo-4367823265', '2022-12-20 17:23:26', '2022-12-20 17:23:27');

-- --------------------------------------------------------

--
-- Table structure for table `roles`
--

CREATE TABLE `roles` (
  `id` bigint(20) UNSIGNED NOT NULL,
  `name` varchar(255) NOT NULL,
  `guard_name` varchar(255) NOT NULL,
  `created_at` timestamp NULL DEFAULT NULL,
  `updated_at` timestamp NULL DEFAULT NULL
) ENGINE=InnoDB DEFAULT CHARSET=utf8mb4 COLLATE=utf8mb4_unicode_ci;

--
-- Dumping data for table `roles`
--

INSERT INTO `roles` (`id`, `name`, `guard_name`, `created_at`, `updated_at`) VALUES
(6, 'Admin', 'web', '2022-12-16 17:08:15', '2022-12-16 17:08:15'),
(7, 'Super Admin', 'web', '2022-12-16 17:09:22', '2022-12-16 17:09:22'),
(8, 'Author', 'web', '2022-12-16 17:09:49', '2022-12-16 17:09:49'),
(9, 'Editor', 'web', '2022-12-16 17:10:17', '2022-12-16 17:10:17'),
(10, 'Normal_User', 'web', '2022-12-16 17:11:19', '2022-12-16 17:11:19'),
(11, 'Managment', 'web', '2022-12-19 04:43:42', '2022-12-19 04:43:42'),
(12, 'Viewer', 'web', '2022-12-19 18:08:54', '2022-12-19 18:08:54'),
(13, 'Modarator', 'web', '2022-12-19 18:09:36', '2022-12-19 18:09:36');

-- --------------------------------------------------------

--
-- Table structure for table `role_has_permissions`
--

CREATE TABLE `role_has_permissions` (
  `permission_id` bigint(20) UNSIGNED NOT NULL,
  `role_id` bigint(20) UNSIGNED NOT NULL
) ENGINE=InnoDB DEFAULT CHARSET=utf8mb4 COLLATE=utf8mb4_unicode_ci;

--
-- Dumping data for table `role_has_permissions`
--

INSERT INTO `role_has_permissions` (`permission_id`, `role_id`) VALUES
(8, 6),
(8, 7),
(8, 8),
(8, 10),
(9, 6),
(9, 7),
(9, 8),
(9, 9),
(10, 6),
(10, 7),
(10, 8),
(11, 6),
(11, 7),
(12, 6),
(12, 7),
(13, 6),
(13, 7),
(13, 9),
(14, 7),
(15, 11),
(16, 13),
(17, 13),
(18, 13),
(19, 13);

-- --------------------------------------------------------

--
-- Table structure for table `tags`
--

CREATE TABLE `tags` (
  `id` bigint(20) UNSIGNED NOT NULL,
  `tag_name` varchar(255) NOT NULL,
  `created_at` timestamp NULL DEFAULT NULL,
  `updated_at` timestamp NULL DEFAULT NULL
) ENGINE=InnoDB DEFAULT CHARSET=utf8mb4 COLLATE=utf8mb4_unicode_ci;

--
-- Dumping data for table `tags`
--

INSERT INTO `tags` (`id`, `tag_name`, `created_at`, `updated_at`) VALUES
(1, 'Renee Dickson', NULL, NULL),
(5, 'Rae', NULL, NULL),
(6, 'Kyle', NULL, NULL);

-- --------------------------------------------------------

--
-- Table structure for table `users`
--

CREATE TABLE `users` (
  `id` bigint(20) UNSIGNED NOT NULL,
  `name` varchar(255) NOT NULL,
  `email` varchar(255) NOT NULL,
  `email_verified_at` timestamp NULL DEFAULT NULL,
  `password` varchar(255) NOT NULL,
  `image` varchar(100) DEFAULT NULL,
  `deleted_at` date DEFAULT NULL,
  `remember_token` varchar(100) DEFAULT NULL,
  `created_at` timestamp NULL DEFAULT NULL,
  `updated_at` timestamp NULL DEFAULT NULL
) ENGINE=InnoDB DEFAULT CHARSET=utf8mb4 COLLATE=utf8mb4_unicode_ci;

--
-- Dumping data for table `users`
--

INSERT INTO `users` (`id`, `name`, `email`, `email_verified_at`, `password`, `image`, `deleted_at`, `remember_token`, `created_at`, `updated_at`) VALUES
(8, 'Mohammad Yousuf', 'admin@gmail.com', NULL, '$2y$10$1zTlKZUWKc2lqqG.zL0zOe0zDVprBvMBizWj99qxufofICOGBtNWG', '8.png', NULL, NULL, '2022-12-12 23:30:01', '2022-12-19 05:17:49'),
(71, 'Joanny Hand', 'summer.reichel@example.org', '2022-12-17 12:36:12', '$2y$10$1zTlKZUWKc2lqqG.zL0zOe0zDVprBvMBizWj99qxufofICOGBtNWG', NULL, '2022-12-18', 'eyY0GgeyfK', '2022-12-17 12:36:12', '2022-12-18 07:08:07'),
(118, 'Amelie Rath', 'cwilkinson@example.org', '2022-12-18 05:27:16', '$2y$10$1zTlKZUWKc2lqqG.zL0zOe0zDVprBvMBizWj99qxufofICOGBtNWG', NULL, '2022-12-18', 'RpNQKyheR3', '2022-12-18 05:27:16', '2022-12-18 05:31:25'),
(119, 'Modarator Joy', 'modarator@gmail.com', '2022-12-18 05:27:16', '$2y$10$1zTlKZUWKc2lqqG.zL0zOe0zDVprBvMBizWj99qxufofICOGBtNWG', '119.jpg', NULL, 'IY7OV0IT1Yf7NGIfF2vbenu2ntd06nu1zFvJ3sKHSDBqwMrq7Iy0IOotUR4J', '2022-12-18 05:27:16', '2022-12-19 18:16:42'),
(120, 'Carole Baumbach DDS', 'roselyn.maggio@example.com', '2022-12-18 05:27:16', '$2y$10$92IXUNpkjO0rOQ5byMi.Ye4oKoEa3Ro9llC/.og/at2.uheWG/igi', NULL, NULL, 'Q1E34rlDKE', '2022-12-18 05:27:16', '2022-12-18 08:38:20'),
(121, 'Marta Breitenberg', 'eloisa.yost@example.org', '2022-12-18 05:27:16', '$2y$10$92IXUNpkjO0rOQ5byMi.Ye4oKoEa3Ro9llC/.og/at2.uheWG/igi', NULL, '2022-12-18', 'Bt4kwC9NEt', '2022-12-18 05:27:16', '2022-12-18 05:31:25'),
(122, 'Reynold Kertzmann', 'ffeest@example.com', '2022-12-18 05:27:16', '$2y$10$92IXUNpkjO0rOQ5byMi.Ye4oKoEa3Ro9llC/.og/at2.uheWG/igi', NULL, '2022-12-18', 'XARzJsMCEv', '2022-12-18 05:27:16', '2022-12-18 07:07:36'),
(123, 'Ursula Lockman', 'kcummings@example.org', '2022-12-18 05:27:16', '$2y$10$92IXUNpkjO0rOQ5byMi.Ye4oKoEa3Ro9llC/.og/at2.uheWG/igi', NULL, '2022-12-18', 'sKAklp8ZKR', '2022-12-18 05:27:16', '2022-12-18 07:07:36'),
(124, 'Dr. Cleve Berge MD', 'kaci.frami@example.com', '2022-12-18 05:27:16', '$2y$10$92IXUNpkjO0rOQ5byMi.Ye4oKoEa3Ro9llC/.og/at2.uheWG/igi', NULL, '2022-12-18', 'swpTy71LTR', '2022-12-18 05:27:16', '2022-12-18 07:07:36'),
(125, 'Heidi Barton III', 'chaz.orn@example.com', '2022-12-18 05:27:16', '$2y$10$92IXUNpkjO0rOQ5byMi.Ye4oKoEa3Ro9llC/.og/at2.uheWG/igi', NULL, '2022-12-18', 'Js2563Ufj2', '2022-12-18 05:27:16', '2022-12-18 07:07:36'),
(126, 'Eusebio Swaniawski', 'sfeest@example.net', '2022-12-18 05:27:16', '$2y$10$92IXUNpkjO0rOQ5byMi.Ye4oKoEa3Ro9llC/.og/at2.uheWG/igi', NULL, NULL, '771Ep01GZm', '2022-12-18 05:27:16', '2022-12-18 08:37:33'),
(127, 'Dustin Maggio', 'ygreenfelder@example.org', '2022-12-18 05:27:16', '$2y$10$92IXUNpkjO0rOQ5byMi.Ye4oKoEa3Ro9llC/.og/at2.uheWG/igi', NULL, NULL, 'ZMmnSBD07y', '2022-12-18 05:27:16', '2022-12-18 08:37:29'),
(128, 'Leilani McDermott Sr.', 'ebba.lehner@example.com', '2022-12-18 05:27:16', '$2y$10$92IXUNpkjO0rOQ5byMi.Ye4oKoEa3Ro9llC/.og/at2.uheWG/igi', NULL, '2022-12-18', 'iyTeDK2nch', '2022-12-18 05:27:16', '2022-12-18 07:07:36'),
(129, 'Miracle Baumbach', 'dbins@example.org', '2022-12-18 05:27:16', '$2y$10$92IXUNpkjO0rOQ5byMi.Ye4oKoEa3Ro9llC/.og/at2.uheWG/igi', NULL, '2022-12-18', 'dC4FRaMleQ', '2022-12-18 05:27:16', '2022-12-18 07:07:36'),
(130, 'Alba Cummerata', 'zemlak.cristian@example.com', '2022-12-18 05:27:16', '$2y$10$92IXUNpkjO0rOQ5byMi.Ye4oKoEa3Ro9llC/.og/at2.uheWG/igi', NULL, NULL, 'xDMtlXtcjb', '2022-12-18 05:27:16', '2022-12-18 07:22:04'),
(131, 'Alexandrea Rempel', 'iwhite@example.com', '2022-12-18 05:27:16', '$2y$10$92IXUNpkjO0rOQ5byMi.Ye4oKoEa3Ro9llC/.og/at2.uheWG/igi', NULL, NULL, '2JHRWp4u8C', '2022-12-18 05:27:16', '2022-12-18 07:22:06'),
(132, 'Felicia Becker', 'senger.walton@example.net', '2022-12-18 05:27:16', '$2y$10$92IXUNpkjO0rOQ5byMi.Ye4oKoEa3Ro9llC/.og/at2.uheWG/igi', NULL, NULL, 'eKwcXuUBTI', '2022-12-18 05:27:16', '2022-12-18 08:37:34'),
(133, 'Darlene Wolff I', 'gdaugherty@example.org', '2022-12-18 05:27:16', '$2y$10$92IXUNpkjO0rOQ5byMi.Ye4oKoEa3Ro9llC/.og/at2.uheWG/igi', NULL, NULL, 'bDbUxxnBar', '2022-12-18 05:27:16', '2022-12-18 08:38:28'),
(134, 'Prof. Julian White V', 'vpfannerstill@example.net', '2022-12-18 05:27:16', '$2y$10$92IXUNpkjO0rOQ5byMi.Ye4oKoEa3Ro9llC/.og/at2.uheWG/igi', NULL, '2022-12-18', 'HsHPGFz5cm', '2022-12-18 05:27:16', '2022-12-18 07:07:44'),
(135, 'Manuel Daniel', 'bryon.toy@example.net', '2022-12-18 05:27:16', '$2y$10$92IXUNpkjO0rOQ5byMi.Ye4oKoEa3Ro9llC/.og/at2.uheWG/igi', NULL, '2022-12-18', 'FHJ7Yd47RT', '2022-12-18 05:27:16', '2022-12-18 07:07:44'),
(136, 'Nayeli Ullrich', 'selmer.robel@example.net', '2022-12-18 05:27:16', '$2y$10$92IXUNpkjO0rOQ5byMi.Ye4oKoEa3Ro9llC/.og/at2.uheWG/igi', NULL, '2022-12-18', 'v2fmn6sJWs', '2022-12-18 05:27:16', '2022-12-18 07:07:44'),
(137, 'Dr. Zander Cole MD', 'yhalvorson@example.com', '2022-12-18 05:27:16', '$2y$10$92IXUNpkjO0rOQ5byMi.Ye4oKoEa3Ro9llC/.og/at2.uheWG/igi', NULL, '2022-12-18', 'gXsMvI0L7P', '2022-12-18 05:27:16', '2022-12-18 07:07:44'),
(138, 'Mariam Anderson', 'rfahey@example.org', '2022-12-18 05:27:16', '$2y$10$92IXUNpkjO0rOQ5byMi.Ye4oKoEa3Ro9llC/.og/at2.uheWG/igi', NULL, '2022-12-18', 'yRUfVhXnGB', '2022-12-18 05:27:16', '2022-12-18 07:07:44'),
(139, 'Taryn Medhurst', 'udamore@example.org', '2022-12-18 05:27:16', '$2y$10$92IXUNpkjO0rOQ5byMi.Ye4oKoEa3Ro9llC/.og/at2.uheWG/igi', NULL, '2022-12-18', 'JnczkWC1EW', '2022-12-18 05:27:16', '2022-12-18 07:07:44'),
(140, 'Pansy Hegmann', 'lindgren.anthony@example.net', '2022-12-18 05:27:16', '$2y$10$92IXUNpkjO0rOQ5byMi.Ye4oKoEa3Ro9llC/.og/at2.uheWG/igi', NULL, '2022-12-18', 'oGi3lpxh6M', '2022-12-18 05:27:16', '2022-12-18 07:07:44'),
(141, 'Hulda Goodwin', 'maia.mueller@example.org', '2022-12-18 05:27:16', '$2y$10$92IXUNpkjO0rOQ5byMi.Ye4oKoEa3Ro9llC/.og/at2.uheWG/igi', NULL, '2022-12-18', 'ahEL77h6vp', '2022-12-18 05:27:16', '2022-12-18 07:07:44'),
(142, 'Dr. Armando Pagac', 'ohessel@example.com', '2022-12-18 05:27:16', '$2y$10$92IXUNpkjO0rOQ5byMi.Ye4oKoEa3Ro9llC/.og/at2.uheWG/igi', NULL, NULL, 'yRb2HsvlAj', '2022-12-18 05:27:16', '2022-12-18 08:38:29'),
(143, 'Dr. Dejuan Barrows', 'bahringer.benton@example.com', '2022-12-18 05:27:16', '$2y$10$92IXUNpkjO0rOQ5byMi.Ye4oKoEa3Ro9llC/.og/at2.uheWG/igi', NULL, '2022-12-18', 'FKeaU9yh3v', '2022-12-18 05:27:16', '2022-12-18 07:07:51'),
(144, 'Kirk Becker', 'keshawn.hirthe@example.com', '2022-12-18 05:27:16', '$2y$10$92IXUNpkjO0rOQ5byMi.Ye4oKoEa3Ro9llC/.og/at2.uheWG/igi', NULL, '2022-12-18', 'XEyMzshQ3G', '2022-12-18 05:27:16', '2022-12-18 07:07:51'),
(145, 'Lauretta Schimmel', 'ike54@example.org', '2022-12-18 05:27:16', '$2y$10$92IXUNpkjO0rOQ5byMi.Ye4oKoEa3Ro9llC/.og/at2.uheWG/igi', NULL, '2022-12-18', 'ORSKTe4am3', '2022-12-18 05:27:16', '2022-12-18 07:07:51'),
(146, 'Shea Powlowski I', 'ftrantow@example.com', '2022-12-18 05:27:16', '$2y$10$92IXUNpkjO0rOQ5byMi.Ye4oKoEa3Ro9llC/.og/at2.uheWG/igi', NULL, '2022-12-18', 'nq2Xvcn0ZL', '2022-12-18 05:27:16', '2022-12-18 07:07:51'),
(147, 'Allan Tillman', 'theathcote@example.org', '2022-12-18 05:27:16', '$2y$10$92IXUNpkjO0rOQ5byMi.Ye4oKoEa3Ro9llC/.og/at2.uheWG/igi', NULL, NULL, 'beYeSOMwVR', '2022-12-18 05:27:16', '2022-12-18 07:22:07'),
(148, 'Miss Katrine Blanda Jr.', 'qtillman@example.org', '2022-12-18 05:27:16', '$2y$10$92IXUNpkjO0rOQ5byMi.Ye4oKoEa3Ro9llC/.og/at2.uheWG/igi', NULL, '2022-12-18', 'KywYOQYPDw', '2022-12-18 05:27:16', '2022-12-18 07:07:51'),
(149, 'Carmen Walsh', 'pcollier@example.com', '2022-12-18 05:27:16', '$2y$10$92IXUNpkjO0rOQ5byMi.Ye4oKoEa3Ro9llC/.og/at2.uheWG/igi', NULL, NULL, 'HXFqK9cACQ', '2022-12-18 05:27:16', '2022-12-18 08:38:18'),
(150, 'Marty Wolf', 'lockman.cleve@example.org', '2022-12-18 05:27:16', '$2y$10$92IXUNpkjO0rOQ5byMi.Ye4oKoEa3Ro9llC/.og/at2.uheWG/igi', NULL, '2022-12-18', 'ateGCmn5CR', '2022-12-18 05:27:16', '2022-12-18 07:07:51'),
(151, 'Vladimir Hartmann IV', 'stephania78@example.org', '2022-12-18 05:27:16', '$2y$10$92IXUNpkjO0rOQ5byMi.Ye4oKoEa3Ro9llC/.og/at2.uheWG/igi', NULL, '2022-12-18', 'g4Ge3J9zNz', '2022-12-18 05:27:16', '2022-12-18 07:07:51'),
(152, 'Prudence Goyette', 'xander.kemmer@example.com', '2022-12-18 05:27:16', '$2y$10$92IXUNpkjO0rOQ5byMi.Ye4oKoEa3Ro9llC/.og/at2.uheWG/igi', NULL, '2022-12-18', 'sol66be3rI', '2022-12-18 05:27:16', '2022-12-18 07:07:59'),
(153, 'Mr. Albin Koelpin', 'bailee.walsh@example.com', '2022-12-18 05:27:16', '$2y$10$92IXUNpkjO0rOQ5byMi.Ye4oKoEa3Ro9llC/.og/at2.uheWG/igi', NULL, '2022-12-18', 'LkcwJTNs8n', '2022-12-18 05:27:16', '2022-12-18 07:07:59'),
(154, 'Dr. Domingo Flatley MD', 'lakin.cora@example.org', '2022-12-18 05:27:16', '$2y$10$92IXUNpkjO0rOQ5byMi.Ye4oKoEa3Ro9llC/.og/at2.uheWG/igi', NULL, '2022-12-18', 'PfDV4iWSbW', '2022-12-18 05:27:16', '2022-12-18 07:07:59'),
(155, 'Marilou Bartoletti', 'boyle.milford@example.net', '2022-12-18 05:27:16', '$2y$10$92IXUNpkjO0rOQ5byMi.Ye4oKoEa3Ro9llC/.og/at2.uheWG/igi', NULL, '2022-12-18', 'HNJ5F10B1h', '2022-12-18 05:27:16', '2022-12-18 07:07:59'),
(156, 'Pearline Stoltenberg', 'rosetta.greenholt@example.com', '2022-12-18 05:27:16', '$2y$10$92IXUNpkjO0rOQ5byMi.Ye4oKoEa3Ro9llC/.og/at2.uheWG/igi', NULL, '2022-12-18', 'BgfD0Nlj1n', '2022-12-18 05:27:16', '2022-12-18 07:07:59'),
(157, 'Viva Kihn', 'esteuber@example.com', '2022-12-18 05:27:16', '$2y$10$92IXUNpkjO0rOQ5byMi.Ye4oKoEa3Ro9llC/.og/at2.uheWG/igi', NULL, '2022-12-18', 'RQoWTiOxQW', '2022-12-18 05:27:16', '2022-12-18 07:07:59'),
(158, 'Rachael Dickinson', 'gregory.lueilwitz@example.com', '2022-12-18 05:27:16', '$2y$10$92IXUNpkjO0rOQ5byMi.Ye4oKoEa3Ro9llC/.og/at2.uheWG/igi', NULL, '2022-12-18', 'ODNBkMNecy', '2022-12-18 05:27:16', '2022-12-18 07:07:59'),
(159, 'Ms. Margarita Purdy', 'ejast@example.net', '2022-12-18 05:27:16', '$2y$10$92IXUNpkjO0rOQ5byMi.Ye4oKoEa3Ro9llC/.og/at2.uheWG/igi', NULL, '2022-12-18', 'DBAZuOWhju', '2022-12-18 05:27:16', '2022-12-18 07:07:59'),
(160, 'Erwin Keeling V', 'madilyn.lang@example.net', '2022-12-18 05:27:16', '$2y$10$92IXUNpkjO0rOQ5byMi.Ye4oKoEa3Ro9llC/.og/at2.uheWG/igi', NULL, NULL, 'lGRcikiNWJ', '2022-12-18 05:27:16', '2022-12-18 08:37:30'),
(161, 'Euna Smith', 'rowe.luella@example.org', '2022-12-18 05:27:16', '$2y$10$92IXUNpkjO0rOQ5byMi.Ye4oKoEa3Ro9llC/.og/at2.uheWG/igi', NULL, NULL, 'WiON1TA60N', '2022-12-18 05:27:16', '2022-12-18 08:37:32'),
(162, 'Ms. Krystina Kozey MD', 'qgusikowski@example.org', '2022-12-18 05:27:16', '$2y$10$92IXUNpkjO0rOQ5byMi.Ye4oKoEa3Ro9llC/.og/at2.uheWG/igi', NULL, '2022-12-18', '9obVFIinJa', '2022-12-18 05:27:16', '2022-12-18 07:08:07'),
(163, 'Mr. Hank Wintheiser DDS', 'arowe@example.com', '2022-12-18 05:27:16', '$2y$10$92IXUNpkjO0rOQ5byMi.Ye4oKoEa3Ro9llC/.og/at2.uheWG/igi', NULL, '2022-12-18', 'x65EiUPG0L', '2022-12-18 05:27:16', '2022-12-18 07:08:07'),
(164, 'Isabelle Kautzer', 'carli.turner@example.net', '2022-12-18 05:27:16', '$2y$10$92IXUNpkjO0rOQ5byMi.Ye4oKoEa3Ro9llC/.og/at2.uheWG/igi', NULL, '2022-12-18', 'l14vT79wt3', '2022-12-18 05:27:16', '2022-12-18 07:08:07'),
(165, 'Adolfo Schaden I', 'tressa47@example.com', '2022-12-18 05:27:16', '$2y$10$92IXUNpkjO0rOQ5byMi.Ye4oKoEa3Ro9llC/.og/at2.uheWG/igi', NULL, NULL, 'ceCd4YnGGY', '2022-12-18 05:27:16', '2022-12-18 07:22:00'),
(166, 'Clementina Metz', 'mitchell.marisol@example.com', '2022-12-18 05:27:16', '$2y$10$92IXUNpkjO0rOQ5byMi.Ye4oKoEa3Ro9llC/.og/at2.uheWG/igi', NULL, NULL, 'ofS6GgRgLr', '2022-12-18 05:27:16', '2022-12-18 08:38:21'),
(167, 'Dagmar Lynch', 'troy.ankunding@example.com', '2022-12-18 05:27:16', '$2y$10$92IXUNpkjO0rOQ5byMi.Ye4oKoEa3Ro9llC/.og/at2.uheWG/igi', NULL, '2022-12-18', 'XE0olbPA8o', '2022-12-18 05:27:16', '2022-12-18 07:08:07'),
(168, 'Editor Naveqa', 'editor@gmail.com', NULL, '$2y$10$gldv2TES.epqQcWxwpu/vOdSP2JmnLgwPeR7eloFXdztHb47S4mgm', '168.png', NULL, NULL, '2022-12-19 05:00:49', '2022-12-19 05:04:08'),
(169, 'vycij', 'wife@mailinator.com', NULL, '$2y$10$poaYGSYm5bZOx057NXQcvOiFYXEM3kT7AoyxCqY1yUKf8mgsPXDca', NULL, NULL, NULL, '2022-12-19 13:10:34', '2022-12-19 13:10:34');

--
-- Indexes for dumped tables
--

--
-- Indexes for table `categories`
--
ALTER TABLE `categories`
  ADD PRIMARY KEY (`id`);

--
-- Indexes for table `failed_jobs`
--
ALTER TABLE `failed_jobs`
  ADD PRIMARY KEY (`id`),
  ADD UNIQUE KEY `failed_jobs_uuid_unique` (`uuid`);

--
-- Indexes for table `migrations`
--
ALTER TABLE `migrations`
  ADD PRIMARY KEY (`id`);

--
-- Indexes for table `model_has_permissions`
--
ALTER TABLE `model_has_permissions`
  ADD PRIMARY KEY (`permission_id`,`model_id`,`model_type`),
  ADD KEY `model_has_permissions_model_id_model_type_index` (`model_id`,`model_type`);

--
-- Indexes for table `model_has_roles`
--
ALTER TABLE `model_has_roles`
  ADD PRIMARY KEY (`role_id`,`model_id`,`model_type`),
  ADD KEY `model_has_roles_model_id_model_type_index` (`model_id`,`model_type`);

--
-- Indexes for table `password_resets`
--
ALTER TABLE `password_resets`
  ADD KEY `password_resets_email_index` (`email`);

--
-- Indexes for table `permissions`
--
ALTER TABLE `permissions`
  ADD PRIMARY KEY (`id`),
  ADD UNIQUE KEY `permissions_name_guard_name_unique` (`name`,`guard_name`);

--
-- Indexes for table `personal_access_tokens`
--
ALTER TABLE `personal_access_tokens`
  ADD PRIMARY KEY (`id`),
  ADD UNIQUE KEY `personal_access_tokens_token_unique` (`token`),
  ADD KEY `personal_access_tokens_tokenable_type_tokenable_id_index` (`tokenable_type`,`tokenable_id`);

--
-- Indexes for table `posts`
--
ALTER TABLE `posts`
  ADD PRIMARY KEY (`id`);

--
-- Indexes for table `roles`
--
ALTER TABLE `roles`
  ADD PRIMARY KEY (`id`),
  ADD UNIQUE KEY `roles_name_guard_name_unique` (`name`,`guard_name`);

--
-- Indexes for table `role_has_permissions`
--
ALTER TABLE `role_has_permissions`
  ADD PRIMARY KEY (`permission_id`,`role_id`),
  ADD KEY `role_has_permissions_role_id_foreign` (`role_id`);

--
-- Indexes for table `tags`
--
ALTER TABLE `tags`
  ADD PRIMARY KEY (`id`);

--
-- Indexes for table `users`
--
ALTER TABLE `users`
  ADD PRIMARY KEY (`id`),
  ADD UNIQUE KEY `users_email_unique` (`email`);

--
-- AUTO_INCREMENT for dumped tables
--

--
-- AUTO_INCREMENT for table `categories`
--
ALTER TABLE `categories`
  MODIFY `id` bigint(20) UNSIGNED NOT NULL AUTO_INCREMENT, AUTO_INCREMENT=16;

--
-- AUTO_INCREMENT for table `failed_jobs`
--
ALTER TABLE `failed_jobs`
  MODIFY `id` bigint(20) UNSIGNED NOT NULL AUTO_INCREMENT;

--
-- AUTO_INCREMENT for table `migrations`
--
ALTER TABLE `migrations`
  MODIFY `id` int(10) UNSIGNED NOT NULL AUTO_INCREMENT, AUTO_INCREMENT=9;

--
-- AUTO_INCREMENT for table `permissions`
--
ALTER TABLE `permissions`
  MODIFY `id` bigint(20) UNSIGNED NOT NULL AUTO_INCREMENT, AUTO_INCREMENT=20;

--
-- AUTO_INCREMENT for table `personal_access_tokens`
--
ALTER TABLE `personal_access_tokens`
  MODIFY `id` bigint(20) UNSIGNED NOT NULL AUTO_INCREMENT;

--
-- AUTO_INCREMENT for table `posts`
--
ALTER TABLE `posts`
  MODIFY `id` bigint(20) UNSIGNED NOT NULL AUTO_INCREMENT, AUTO_INCREMENT=10;

--
-- AUTO_INCREMENT for table `roles`
--
ALTER TABLE `roles`
  MODIFY `id` bigint(20) UNSIGNED NOT NULL AUTO_INCREMENT, AUTO_INCREMENT=14;

--
-- AUTO_INCREMENT for table `tags`
--
ALTER TABLE `tags`
  MODIFY `id` bigint(20) UNSIGNED NOT NULL AUTO_INCREMENT, AUTO_INCREMENT=7;

--
-- AUTO_INCREMENT for table `users`
--
ALTER TABLE `users`
  MODIFY `id` bigint(20) UNSIGNED NOT NULL AUTO_INCREMENT, AUTO_INCREMENT=170;

--
-- Constraints for dumped tables
--

--
-- Constraints for table `model_has_permissions`
--
ALTER TABLE `model_has_permissions`
  ADD CONSTRAINT `model_has_permissions_permission_id_foreign` FOREIGN KEY (`permission_id`) REFERENCES `permissions` (`id`) ON DELETE CASCADE;

--
-- Constraints for table `model_has_roles`
--
ALTER TABLE `model_has_roles`
  ADD CONSTRAINT `model_has_roles_role_id_foreign` FOREIGN KEY (`role_id`) REFERENCES `roles` (`id`) ON DELETE CASCADE;

--
-- Constraints for table `role_has_permissions`
--
ALTER TABLE `role_has_permissions`
  ADD CONSTRAINT `role_has_permissions_permission_id_foreign` FOREIGN KEY (`permission_id`) REFERENCES `permissions` (`id`) ON DELETE CASCADE,
  ADD CONSTRAINT `role_has_permissions_role_id_foreign` FOREIGN KEY (`role_id`) REFERENCES `roles` (`id`) ON DELETE CASCADE;
COMMIT;

/*!40101 SET CHARACTER_SET_CLIENT=@OLD_CHARACTER_SET_CLIENT */;
/*!40101 SET CHARACTER_SET_RESULTS=@OLD_CHARACTER_SET_RESULTS */;
/*!40101 SET COLLATION_CONNECTION=@OLD_COLLATION_CONNECTION */;
